job_id,company_name,location,company_size
1,Foster and Sons,"Tracybury, AR",Large
2,"Boyd, Myers and Ramirez","Lake Scott, CU",Large
3,King Inc,"East Paige, CM",Large
4,"Cooper, Archer and Lynch","Perezview, FI",Large
5,Hall LLC,"North Desireeland, NE",Large
6,Ellis PLC,"South Kevin, TZ",Large
7,Matthews-Moses,"West Shawn, LR",Large
8,Mullins Ltd,"Port Hailey, RU",Large
9,Aguilar PLC,"Butlermouth, GB",Large
10,Parks LLC,"Nicoleshire, BA",Large
11,Vaughan-Ortiz,"New Angelatown, LU",Large
12,"Johnson, Guzman and Hernandez","Joychester, LT",Large
13,Martin and Sons,"South Michael, FM",Startup
14,Frank-Duarte,"Christianberg, GQ",Mid
15,Rogers Ltd,"New Katieborough, FJ",Large
16,Wright-Evans,"Stephaniechester, LU",Startup
17,Preston Ltd,"South Tim, CZ",Mid
18,Smith-Moore,"Blevinsburgh, VU",Startup
19,Webb and Sons,"Parkmouth, CA",Mid
20,Gates LLC,"Stevenhaven, BW",Large
21,"Whitaker, Walker and Sandoval","Gregorymouth, LV",Large
22,Humphrey LLC,"Lake Alexander, RU",Large
23,"Adams, Stevenson and Wagner","North Nicholas, SN",Startup
24,"Thomas, Hurst and Becker","Leeton, MW",Mid
25,Sherman-Nguyen,"Suzanneview, TW",Mid
26,Johnson-Keller,"Whitestad, BB",Mid
27,Le PLC,"Taraburgh, DZ",Large
28,"Abbott, Nielsen and Young","New Richard, TD",Startup
29,Thomas-Ruiz,"South Donaldton, GE",Startup
30,"Good, Ware and Cruz","North Michael, TT",Startup
31,Gay PLC,"Port Patriciaport, TG",Startup
32,Kirby-Zuniga,"Danielchester, ID",Mid
33,"Castillo, Campbell and Robinson","Alexandriaburgh, KN",Startup
34,Carter LLC,"West Charles, TT",Startup
35,Hall Group,"North Denise, MC",Large
36,Huynh PLC,"Kirbyside, LT",Startup
37,"Smith, Haas and Mendez","Lake John, AU",Mid
38,"Briggs, Shaw and Berry","East Ashleyland, PL",Startup
39,Boyd PLC,"Port Misty, NL",Mid
40,"Sanders, Mejia and Townsend","Deleonchester, HN",Mid
41,Hernandez Inc,"Nicoleport, BF",Mid
42,"Parrish, White and Grant","Kimside, BW",Startup
43,"Carroll, Lucero and Lambert","Simsside, TD",Large
44,"Thomas, Waller and Kelly","South Jeremiah, MX",Large
45,"Franklin, Wright and Berg","Ramirezmouth, PK",Mid
46,"Coleman, Gray and Roach","New Rachelmouth, IT",Startup
47,Mooney-Decker,"Jennyland, TR",Startup
48,Wood LLC,"Port Johnville, MA",Mid
49,Copeland Group,"North Josephshire, YE",Mid
50,Richards PLC,"Lewismouth, TD",Large
51,"Melendez, Williams and Williamson","Steinside, IT",Large
52,"Ellis, Crane and Boyle","North Jason, MR",Mid
53,Foley-Moore,"Thomasfort, KG",Large
54,Wright and Sons,"Chavezstad, TG",Large
55,Williams-Vargas,"Carlland, ME",Startup
56,Hill-Huff,"Jessicamouth, PT",Startup
57,Meyer PLC,"Caitlynmouth, MR",Mid
58,Boyd-Carlson,"Villarrealhaven, KI",Large
59,Scott-Gardner,"North Laurie, BI",Large
60,Jackson Group,"East Juliashire, TR",Startup
61,"Sullivan, Silva and Sawyer","North Jonathan, NL",Mid
62,"Page, Bonilla and Cohen","Port Jacobchester, SB",Startup
63,Young-Wright,"Kaylaburgh, NO",Large
64,Patel PLC,"South Jamie, KM",Startup
65,"Lopez, Nelson and Meyer","Lake Michelleport, RS",Startup
66,"Harris, Porter and Walter","Port Kristenmouth, SA",Large
67,Dominguez and Sons,"Rodriguezstad, ET",Large
68,Griffith-Garner,"Meredithview, LS",Startup
69,Smith LLC,"South Tylerhaven, LC",Mid
70,Smith-Jones,"South Karenville, BB",Mid
71,"Maddox, Steele and Jones","Billyfort, YE",Mid
72,Williams PLC,"New Jefferyfort, TG",Startup
73,"Hurst, Manning and Wood","Petersenborough, VN",Large
74,"Howard, Carr and Joseph","Leeberg, ME",Large
75,Lewis-Smith,"North Christopherfurt, LR",Startup
76,Luna and Sons,"Weberland, TL",Mid
77,King-Sheppard,"Zamorafurt, UA",Startup
78,Meyer-Shaffer,"Sharpborough, DM",Startup
79,"Ellis, Page and Smith","North Carriestad, IR",Startup
80,Martinez-Fitzgerald,"South Charles, CI",Large
81,Johnson Inc,"Lake Kristen, AZ",Large
82,Camacho PLC,"Anthonyland, GQ",Large
83,Sweeney-Griffith,"Michaelchester, MK",Mid
84,"Stafford, Owens and Thompson","Lake Debra, AM",Mid
85,"Gonzalez, Watts and Thompson","New Danielburgh, RU",Startup
86,Graham Group,"Lake Melissaville, PL",Large
87,Ward-Allen,"Jeffreyburgh, SC",Large
88,"Garrett, Hernandez and Anderson","Whiteville, SE",Mid
89,Long Inc,"Jacksonmouth, UZ",Startup
90,Cummings-Nash,"Adamton, HR",Startup
91,"Sawyer, Donovan and Vargas","Lake Erica, NL",Mid
92,"Stewart, Gutierrez and Simpson","South Paige, VC",Large
93,Jones-Marshall,"Scottberg, MG",Startup
94,Murphy-Rosales,"West Jesse, NG",Large
95,Solis-Thornton,"East Autumn, AM",Mid
96,Michael Ltd,"Maldonadoville, PL",Startup
97,Alexander and Sons,"Richardside, PY",Startup
98,"Travis, Fletcher and Rodriguez","Port Julieburgh, KW",Large
99,Lozano-Hill,"South Stephanieville, BS",Large
100,"Farmer, Leach and Norris","Williamsbury, DO",Mid
101,Price-Nichols,"South Fredview, PL",Startup
102,"Gonzalez, Jackson and Williams","Heatherport, DO",Large
103,"Dodson, Palmer and Huber","Alejandromouth, CU",Mid
104,Morris-Sanchez,"New James, CR",Mid
105,Cobb-Lindsey,"West Madison, QA",Mid
106,Ramirez-Goodwin,"Tanyachester, TW",Mid
107,Duran PLC,"New David, EG",Mid
108,Kaiser Group,"South Patricktown, NO",Large
109,Garcia PLC,"Sanfordmouth, GW",Large
110,Steele-Norman,"Elainefurt, BS",Mid
111,Garcia Ltd,"Brownstad, LU",Large
112,Hill LLC,"Lake Christopher, QA",Large
113,"Morales, Thomas and Miller","Millermouth, GY",Mid
114,Kelly-Novak,"Nicoleside, AD",Mid
115,Martin-Hernandez,"North Patrick, KE",Startup
116,Price-Dean,"Dennistown, IQ",Large
117,Ruiz Inc,"Rodriguezfurt, LI",Large
118,"Hudson, Burton and Campbell","Sullivanburgh, BJ",Startup
119,Roberson Inc,"New Justin, ZW",Mid
120,Gutierrez PLC,"West Fredside, PW",Mid
121,"King, Chambers and Brown","Eriktown, GT",Mid
122,Shannon LLC,"Port Robert, TR",Large
123,Thompson-Norris,"Davidfort, CU",Startup
124,Davis and Sons,"Carrollland, SE",Large
125,"Reed, Garcia and French","West Richardborough, BE",Startup
126,Anderson-Cruz,"Jasonshire, TH",Large
127,King PLC,"East Sheriton, SV",Large
128,Baker-Gomez,"Sarahview, SE",Large
129,"Patterson, Bruce and Herring","Davechester, LR",Mid
130,Jackson Inc,"Allenton, UG",Startup
131,"Thompson, Lewis and Gonzalez","Westland, KM",Large
132,Mclean Inc,"Shermanshire, MM",Large
133,Moore Inc,"Jamesborough, GB",Mid
134,Flores-Dalton,"East Edward, MV",Mid
135,Nguyen and Sons,"Youngborough, CF",Mid
136,Russell Inc,"Morrowview, RS",Mid
137,Castillo and Sons,"North Sheilamouth, JP",Mid
138,Price PLC,"Randallside, CZ",Startup
139,"Payne, Vasquez and Arnold","Danielfurt, GW",Large
140,Roth LLC,"Royville, BG",Startup
141,Bryant and Sons,"Port Allisonfurt, SN",Large
142,"Morris, Williams and Campbell","South Heatherside, KZ",Startup
143,Perez Ltd,"West Susan, NG",Large
144,Smith-Hernandez,"Shelbyberg, AO",Startup
145,"Barber, Green and Fernandez","Ryanberg, MD",Mid
146,"Baker, Nichols and Chen","West Carloston, CO",Large
147,Crawford-Cooper,"Calderonfurt, KN",Mid
148,"Manning, Hernandez and Serrano","New Crystalport, BF",Large
149,Sanchez and Sons,"North Melissa, NL",Startup
150,Gomez-Mosley,"East James, CR",Mid
151,"Knox, Kirby and Rogers","Cynthiamouth, SC",Startup
152,Johnson-Hansen,"New Christopher, KG",Mid
153,Allen-Carr,"West Jamesborough, BT",Mid
154,Carroll-Peterson,"Lake Amanda, PG",Startup
155,Castillo and Sons,"New Monicaborough, KH",Mid
156,Dixon-Fields,"New Christinastad, GY",Startup
157,Ashley-Espinoza,"Elizabethchester, KZ",Startup
158,"Scott, Nelson and Cooke","Hayesberg, AG",Mid
159,Wright-Pennington,"Bentonland, BG",Large
160,Garcia-Martinez,"Michaeltown, UY",Large
161,Ryan-Ward,"Hernandezfurt, MX",Mid
162,"Ross, Torres and Griffith","Jessicamouth, PS",Large
163,"Contreras, Taylor and Nelson","North Danielfort, LC",Startup
164,French Inc,"East Ritaburgh, AM",Mid
165,"Roth, Le and Hamilton","Lake Eriktown, TZ",Large
166,"Boyd, Gallagher and Thompson","Brandonton, RO",Large
167,Benjamin-Nguyen,"Barryborough, JM",Startup
168,Coleman-Jimenez,"West Alexanderberg, MG",Mid
169,Williams-Gross,"Ericport, BR",Startup
170,Gonzalez Ltd,"Johnsonmouth, BS",Mid
171,Hart-Miller,"South Gary, BN",Startup
172,Kim Inc,"West Ralphview, SL",Mid
173,Horton LLC,"Debraview, HU",Mid
174,Mendoza Ltd,"North Michael, CU",Large
175,"Alexander, Warner and Mendez","Joneston, TL",Mid
176,Williams Ltd,"Port Ariel, TR",Mid
177,Mills Group,"Johnathanmouth, HN",Mid
178,Jordan-Graves,"East Jennifer, EE",Startup
179,Casey-Smith,"Romerobury, BI",Mid
180,Melton-Turner,"West Chelseafurt, AU",Startup
181,Gutierrez-Hernandez,"Lake Thomas, MD",Large
182,"Oliver, Tran and Jackson","North Briannafort, PH",Startup
183,Diaz-Hardy,"Davidstad, BY",Startup
184,White-Hayes,"West Derek, VU",Large
185,Dominguez Ltd,"East Christopher, EE",Mid
186,"Welch, Green and Williams","Emmafurt, GN",Large
187,Reed LLC,"Andreside, GA",Large
188,Brown and Sons,"New Donald, CU",Large
189,Gutierrez Group,"New Andrea, ST",Large
190,"Robinson, Stafford and Hoffman","Palmerburgh, CF",Large
191,"Wu, Browning and Ramos","North Louis, UY",Mid
192,Jones-Curtis,"North Nataliemouth, SR",Mid
193,Lewis-Brooks,"Owenshaven, LY",Mid
194,"Hobbs, Lawson and Robertson","Port Ricardo, SR",Large
195,"Gonzales, Lane and Hart","Kaylaland, DE",Mid
196,Kim PLC,"North Jamietown, KE",Mid
197,"Vasquez, Fleming and Jones","East Melindastad, TO",Startup
198,Rice Inc,"East Linda, KP",Mid
199,"Morris, Jensen and Hamilton","Port Mckenzie, BO",Mid
200,Gonzalez and Sons,"New Traceyborough, BG",Startup
201,Robinson-Hall,"Flowersberg, MG",Large
202,Mendoza Ltd,"Chandlerville, RS",Mid
203,Richards-Barnes,"Williamton, TM",Large
204,Bailey-Harris,"Lake Sarah, SY",Startup
205,Soto and Sons,"East Johnton, HR",Mid
206,Williams Ltd,"Samuelhaven, BO",Startup
207,Lane-Weaver,"Garciamouth, KI",Large
208,Hernandez PLC,"Lake Charlesmouth, CL",Startup
209,Ortiz-Mcfarland,"Reyesview, NR",Large
210,Rice-Hendricks,"East William, NZ",Mid
211,"Brown, Jackson and Carr","Greeneton, LU",Mid
212,"Kelley, Steele and Bell","South Anthonyfurt, BO",Mid
213,Cline PLC,"Hannahside, KI",Mid
214,Shah-White,"Lake Erikburgh, ZM",Large
215,Davis-Butler,"South Zacharyburgh, ES",Mid
216,"Newton, Kelly and Martinez","Lake Johnchester, CG",Mid
217,Berry-Lewis,"Melissaton, LA",Startup
218,"Brandt, Fuller and Cruz","New Sydneyton, PH",Large
219,Turner PLC,"Jasonfurt, BW",Mid
220,Sanchez Ltd,"Barnetthaven, IN",Startup
221,Crawford Group,"Abbottmouth, IN",Mid
222,"Humphrey, Barrett and Colon","Davidmouth, IE",Large
223,Obrien PLC,"Mariochester, BY",Large
224,"Stanton, Martin and Martin","West Sally, GR",Large
225,"James, Payne and Roth","West Ernest, BY",Mid
226,"Bowen, Flores and Williams","Alanside, SK",Mid
227,Flynn LLC,"Carrollview, HN",Mid
228,"Campos, Floyd and Clark","Changside, DJ",Mid
229,"Henderson, Lynch and Lindsey","Thomasland, NI",Mid
230,Mitchell-Peters,"Melissaview, GN",Mid
231,Mcfarland Inc,"Gatesburgh, ZM",Mid
232,Jones and Sons,"Lake Jose, ML",Mid
233,"Nash, Anderson and Brown","New Jeffrey, SV",Startup
234,"Whitehead, Summers and Nelson","East Bryce, IS",Startup
235,Gonzalez-Thompson,"Graceville, TO",Mid
236,"Simon, Price and Dickson","Williamsside, NE",Mid
237,Strickland-Stevenson,"East Mary, LI",Mid
238,Kramer Inc,"Garzaside, NA",Mid
239,Mahoney-Collins,"Marktown, AO",Startup
240,Ortiz PLC,"South Staceyport, IN",Large
241,"Donaldson, Cox and Lopez","Port Marcusville, US",Large
242,"Clark, Baker and Parks","Singhfort, PA",Mid
243,Anderson-Gonzalez,"Samuelton, DK",Startup
244,Walker-Becker,"Port Andrewside, MT",Mid
245,Hall Group,"New Manuelbury, LS",Mid
246,Blake-Daugherty,"Lake Adamfurt, BR",Startup
247,Powers Group,"Grahamshire, PH",Mid
248,Bernard-Herrera,"Port Denise, MV",Mid
249,Thomas Group,"New Melissa, KM",Startup
250,Phelps-Johnson,"Lake Kristen, SY",Mid
251,Young-Brown,"North Samuel, UY",Large
252,"Alvarez, Martinez and Miller","Kimberlyfort, MN",Mid
253,Phillips-Baker,"West James, SG",Startup
254,Cochran-Bailey,"West Andrew, NA",Startup
255,Vazquez LLC,"East Bruce, AM",Startup
256,Carey and Sons,"Robertfort, LK",Mid
257,"Marshall, Mccoy and Montgomery","Greggbury, KI",Large
258,Hart-Peterson,"South Christopher, CN",Mid
259,Clark-Sharp,"Lake Mark, BN",Startup
260,"Daniels, Martinez and Brown","Mariestad, SG",Mid
261,Lawson-Mitchell,"Jacobchester, PL",Large
262,"James, Johnson and Pineda","Maxwellburgh, JO",Large
263,Allen-Parker,"North Dakota, BJ",Startup
264,Russell and Sons,"Gallegosbury, MG",Startup
265,"Peters, Mcdaniel and Adams","Pruittchester, PG",Mid
266,Jones PLC,"West Ricky, US",Startup
267,"Taylor, Ruiz and Padilla","Barnettburgh, BO",Mid
268,Johnson-Roberson,"Port Rachel, HT",Startup
269,Carey and Sons,"Lindastad, LB",Startup
270,"Willis, Smith and Norris","South Aaron, MT",Startup
271,Gallagher Inc,"Cathyton, AL",Startup
272,Jones Inc,"North Thomas, GM",Large
273,Coleman-Yoder,"Maxwellchester, LK",Large
274,Mcdonald Ltd,"New David, MG",Large
275,Anderson-Campbell,"Bestview, AG",Mid
276,"Garner, Massey and Lozano","New Douglasburgh, TV",Startup
277,"White, Waters and Johnson","Daleville, CL",Startup
278,Cox-Griffin,"East Melissatown, IN",Mid
279,Smith Inc,"Perezfurt, SZ",Startup
280,Mason Inc,"Angelafurt, BT",Large
281,Clark Group,"Lauraside, US",Mid
282,Sutton-Weber,"West Anna, MK",Mid
283,Stevenson Ltd,"Jeffreyport, IS",Mid
284,Scott-Wright,"Lake Shelly, CN",Large
285,Gonzales-Charles,"South Sarah, JO",Startup
286,Saunders Inc,"Lake Lisafurt, ER",Mid
287,Park PLC,"Amandamouth, LT",Startup
288,Jimenez-Brown,"Stuartfurt, AL",Startup
289,Mendoza-Smith,"South Amy, FJ",Mid
290,Hartman-Torres,"Leeville, GD",Large
291,"Johnson, Humphrey and Walsh","Susanland, GQ",Mid
292,"Rose, Miller and Gonzalez","Perkinsbury, ES",Large
293,Meyer-Randall,"East Tyler, UA",Mid
294,"Knox, Diaz and Fowler","New Monique, NZ",Large
295,Arnold LLC,"Kathymouth, SB",Startup
296,Durham LLC,"Lake David, JO",Large
297,"Robinson, Chang and Jimenez","South Richardshire, DM",Mid
298,"Dunn, Anderson and Barber","Melaniestad, ET",Large
299,Lee Ltd,"North Rebeccaton, LB",Mid
300,Powell and Sons,"South Angel, AL",Mid
301,"Thompson, Bonilla and Caldwell","Wellsport, ER",Mid
302,"Allen, Navarro and Palmer","Millerton, SA",Mid
303,Hunt-Richards,"Michaelview, TO",Startup
304,Malone-Rodriguez,"North Johnstad, PY",Mid
305,Shields Group,"West Savannahbury, WS",Large
306,"Ball, Vasquez and Morales","West Dianastad, KM",Mid
307,"Johnson, Zuniga and Martinez","Williamberg, TG",Large
308,Bryan-Rios,"Lake Williamton, BT",Mid
309,"Williams, Garza and Hill","Gateschester, PW",Large
310,Graves Group,"Port Michael, KM",Startup
311,"Rogers, Davila and Ashley","North Jamesstad, BO",Startup
312,Strickland-Werner,"Port Alicia, UY",Large
313,"Moreno, Wood and Murillo","North Brittany, TL",Startup
314,"Singleton, Simon and Harper","Padillashire, KW",Large
315,"Dunn, Snyder and Nichols","Port John, LA",Startup
316,"Wallace, Gonzales and Wilkins","Josebury, LY",Mid
317,Turner-Mccarthy,"Ryanberg, MX",Mid
318,"Reyes, Miller and Burke","West Julie, ZM",Mid
319,"Russell, Kim and Harris","South Staceyview, PY",Startup
320,Miller-Holland,"Lake Nicole, SB",Startup
321,Anthony-Gould,"Davisstad, HR",Large
322,Adams-Hill,"Lewisville, PW",Large
323,Salas Inc,"West Veronica, CN",Mid
324,Morrison-Patel,"South Brianfurt, VE",Startup
325,Moyer-Simpson,"Lake Ricky, CF",Mid
326,Jimenez PLC,"East Sandra, CR",Mid
327,Atkinson-Gonzales,"Jonathanland, LB",Mid
328,Cook LLC,"Erikastad, TJ",Mid
329,Wagner Inc,"Lake Kelseystad, LB",Mid
330,Galloway-Martinez,"Michaelland, VC",Large
331,Love-Rhodes,"Port Elizabeth, CZ",Startup
332,Stewart-Kennedy,"Lake Kathleenstad, TZ",Startup
333,Sparks and Sons,"North Emilymouth, FR",Mid
334,White Inc,"Port Robert, MV",Mid
335,Watson Ltd,"Port Justinfurt, MK",Mid
336,Clark-Bailey,"North Shelly, KZ",Large
337,Holland-Mcgee,"East Christiebury, LR",Startup
338,"Cummings, Schmidt and Clarke","Stevenmouth, AD",Large
339,Hines-Mckinney,"Lake Christopher, FR",Large
340,Graves and Sons,"West Sara, BB",Startup
341,Walker-Davis,"Erinton, MH",Large
342,"Finley, Bruce and Wheeler","West Donald, CG",Mid
343,Simmons-Evans,"Thompsonport, BH",Startup
344,Melton-Salazar,"Sanderston, KG",Large
345,"Anthony, Miller and Russell","East Linda, NZ",Startup
346,Young-Anderson,"East Ryantown, BZ",Startup
347,"Conway, Hernandez and Perez","Nunezside, TG",Large
348,Anderson and Sons,"Jadeview, BF",Large
349,Ware-Ellis,"Leeview, MA",Startup
350,"Snyder, Simpson and Maxwell","East Robert, CV",Large
351,Ellis Ltd,"Bullockton, KP",Startup
352,"Blair, Ruiz and Sanchez","Perezview, SN",Mid
353,Griffin-Dalton,"Knightmouth, AF",Large
354,Alexander PLC,"Lake Marcia, MT",Mid
355,"Velazquez, Brewer and Murphy","Mooreville, NP",Startup
356,Bean LLC,"Port Matthewhaven, ST",Large
357,Rogers-Villanueva,"New Kenneth, DO",Large
358,Taylor PLC,"Schroederport, DK",Mid
359,Lee Group,"Taylorstad, MR",Large
360,"Miller, Browning and Shaw","Bryanburgh, SK",Large
361,"Branch, Elliott and Ramirez","New Micheletown, NZ",Large
362,"Reyes, Vincent and Hayes","Kathleenton, IQ",Large
363,Rose Ltd,"South Brianmouth, JM",Mid
364,Miller-Bishop,"West Stephaniefort, FR",Large
365,Krueger-Tanner,"Port Rebecca, US",Mid
366,"Johnson, Castaneda and Duke","Powellshire, JM",Startup
367,"Riley, Beltran and Lucero","North Natalie, EC",Startup
368,Perez-Williams,"West Denisetown, VU",Mid
369,Silva-Russell,"Petersonchester, UG",Mid
370,"Matthews, Bailey and Banks","Daughertyborough, SA",Large
371,Santiago-King,"Lake Linda, AT",Mid
372,"Caldwell, Richardson and Hines","North Jesusfurt, AL",Large
373,"Washington, Smith and Hicks","West Regina, AG",Startup
374,"Cummings, Ball and Owens","Boydtown, HT",Mid
375,"Harrington, Gross and Kim","Lake Lisamouth, CR",Startup
376,"Bryan, Harding and Hamilton","Campbellburgh, PL",Mid
377,"Miller, Cox and Clark","Jacksonberg, MR",Large
378,Watson-Boyle,"Geraldville, TT",Mid
379,"Montoya, Chambers and Bennett","Odommouth, JO",Startup
380,"Fields, Porter and Martinez","New Dawn, CV",Mid
381,"Gallegos, Ruiz and Ross","Proctorbury, HR",Large
382,Ingram LLC,"Gonzalezbury, TW",Large
383,Moody Inc,"West Benjamin, DJ",Mid
384,Walls-Kidd,"Wheelermouth, UY",Startup
385,Mullins Group,"Brianview, DJ",Mid
386,King Group,"New Jeffreyhaven, AE",Large
387,Hansen-Stone,"West William, ID",Mid
388,Gardner Group,"Port Monicaborough, KW",Startup
389,Leonard-Duke,"Patrickfurt, BD",Mid
390,Patton and Sons,"West Melissa, MH",Startup
391,Vazquez PLC,"New Matthew, SC",Large
392,Romero PLC,"Christianland, PT",Startup
393,Howell PLC,"Millermouth, CF",Mid
394,Beltran PLC,"Alexiston, UY",Large
395,Browning Inc,"Shariborough, BO",Large
396,Strong-Davis,"Jasonbury, CD",Startup
397,"Richardson, Burton and Stephens","Timothyland, LR",Mid
398,Salinas-Taylor,"Georgeport, CI",Mid
399,Hunt Ltd,"Jacksonfort, PG",Startup
400,Carr Group,"Murphymouth, GM",Startup
401,Harris LLC,"South Randytown, PA",Mid
402,Reyes-Lowery,"Samanthaborough, VA",Startup
403,"Charles, Henry and Stark","Valenzuelaborough, BF",Startup
404,"Hill, Lucas and Alvarez","Adamport, LC",Mid
405,Stone-Lee,"North Rebecca, LS",Large
406,"Johnson, Williams and Perkins","Bennettland, SN",Mid
407,Hays-Smith,"North Kristin, LC",Mid
408,Hansen-Martin,"Jessicaborough, BB",Startup
409,Calderon Inc,"Alexanderfort, PT",Startup
410,Brown Group,"Jameston, RO",Startup
411,"Robertson, Davis and Gray","Martintown, TW",Startup
412,"Anderson, Lawrence and Drake","Annastad, AT",Startup
413,Lynn-Burke,"East Carolport, BA",Startup
414,Travis-Glass,"Simmonsside, MW",Large
415,Leonard LLC,"Bellfort, MV",Mid
416,"Kim, Allison and Ryan","Bowersberg, BD",Large
417,"Ellis, Townsend and Harrison","South Andreamouth, AF",Mid
418,"Steele, Aguilar and Jackson","North Amandamouth, IE",Large
419,Peck Group,"West Christopherville, HR",Mid
420,Higgins-Hall,"Suttonland, MV",Startup
421,"Hicks, Sullivan and Kline","Steveborough, LR",Startup
422,Marquez and Sons,"East Aaron, IQ",Mid
423,Moore-Mann,"Melvintown, HT",Large
424,Ramirez Ltd,"South Jeremyton, AM",Large
425,"Garcia, Drake and Gonzalez","Jamesfurt, BW",Startup
426,"Edwards, Jackson and Baker","Sullivanshire, WS",Large
427,Turner Group,"Mariaburgh, AT",Mid
428,Castro PLC,"West Tammie, KW",Startup
429,"Coffey, Shannon and Mclean","Johnfurt, MR",Startup
430,Wilcox Ltd,"Robertsonbury, VN",Startup
431,Mcbride-Skinner,"Port Daleborough, MW",Mid
432,Alexander Inc,"East Lynnchester, FI",Large
433,Ramsey-Barnes,"Jackburgh, BB",Mid
434,Clark and Sons,"East Samuelfort, PS",Mid
435,Blair-Shaffer,"Lindseymouth, CM",Startup
436,Salazar-Clark,"New Samanthaport, MC",Mid
437,Jones-Simpson,"Charlottechester, BZ",Mid
438,Johnson-Jackson,"Lake Meganborough, MX",Large
439,Lane-Rodriguez,"South Katherine, DE",Startup
440,"Jones, Thompson and Gomez","West Gregorychester, ET",Large
441,"Ho, Mitchell and King","Port Carolineside, SG",Large
442,Mathis-Davila,"West Bethchester, HR",Startup
443,Perez-Hawkins,"New Frederickstad, NA",Large
444,"Perez, Butler and Carroll","Lauraland, KZ",Mid
445,Ford PLC,"East Robert, RS",Mid
446,Rivera Ltd,"West Bonnieville, CA",Startup
447,Thompson-White,"Coryfurt, KG",Large
448,"Johnson, Foster and Martin","Smithfurt, SB",Startup
449,Solomon-Hartman,"West Christopherfort, GM",Startup
450,"Kelley, Adams and Robertson","Port James, LY",Mid
451,Johnson-Cabrera,"South Bryanberg, GD",Large
452,"Love, Liu and Flynn","Matthewshire, FR",Startup
453,Mcdonald and Sons,"Villanuevaberg, KM",Large
454,Le Ltd,"South Ginachester, TV",Large
455,Larson-Moss,"South Williamfurt, BB",Large
456,"Farmer, Thompson and Smith","New Daniel, KP",Large
457,Burns-Davis,"Nicholasshire, PH",Large
458,Scott-Hernandez,"Freemanland, GD",Startup
459,Lozano-Valencia,"Kelseybury, US",Startup
460,Watkins-Pearson,"East Rhondaview, IL",Large
461,Lewis Inc,"Lake Anthony, MN",Startup
462,"Moreno, Salazar and Sexton","North Johnstad, TZ",Startup
463,Lopez Ltd,"East Deborahshire, DZ",Mid
464,Orozco-Tran,"Kevinton, ZW",Large
465,Allen-Miller,"Elijahshire, BJ",Large
466,"Ray, Phillips and Kim","West Shellymouth, TG",Startup
467,Rodriguez-Williams,"New Jenniferfort, YE",Startup
468,Randall-Sanchez,"West Julieland, CO",Mid
469,"Mendoza, Chung and Burnett","New Jacob, KG",Large
470,Odom PLC,"South Jacobshire, BE",Mid
471,"Miller, Jimenez and Walker","Lake Patriciaview, LY",Mid
472,Valdez-Williams,"Port Charles, BE",Large
473,"Rodriguez, West and Erickson","Lake Joshuastad, QA",Startup
474,Church-Young,"West Paulshire, PE",Startup
475,Ramirez PLC,"East Jason, IL",Mid
476,Simmons PLC,"Peterland, IL",Mid
477,"Miller, Simmons and Johnson","Obrienshire, UZ",Startup
478,"Stevens, Ball and Tyler","Dennischester, BH",Mid
479,"Hunt, Scott and Schneider","Jessicaside, CH",Large
480,"Wright, Diaz and Rosario","East Bernardfurt, CY",Startup
481,"Dean, Reid and Johnson","Santostown, TL",Large
482,"Rose, Simon and Cruz","Haasview, PY",Mid
483,Russo Inc,"Munozside, MA",Mid
484,"Short, Hodge and Castillo","Lake Jasonville, LV",Mid
485,Bauer Group,"South Jaredview, PW",Startup
486,Petty PLC,"Castrobury, ES",Startup
487,Stuart and Sons,"Lake Randychester, TR",Large
488,"Barker, Monroe and Ortega","Robertsonfort, MU",Startup
489,Chambers-Santiago,"Halefurt, JO",Startup
490,Nolan-Brown,"Karenville, GA",Large
491,"Cox, Fitzgerald and Wong","Davidtown, ID",Large
492,Zhang-Williams,"East Henryfort, CA",Large
493,Henry-Grimes,"Port Biancachester, DE",Large
494,"Garcia, Lowery and Alexander","East Kennethfurt, MT",Large
495,Turner PLC,"East Sandrabury, TL",Large
496,Davis LLC,"Sarahburgh, VA",Mid
497,Foster-Stephens,"Robinsonport, IQ",Mid
498,"Ho, Scott and Martinez","Lyonsland, MK",Startup
499,Green PLC,"Gutierrezport, NO",Large
500,Hudson Group,"New Shawnberg, SE",Mid
501,"Pham, Mathews and Gray","South Crystalshire, FR",Large
502,"Saunders, Howell and Martinez","West Wandaside, KE",Mid
503,King LLC,"Ruizton, CI",Startup
504,Anthony Group,"Lisaborough, MG",Large
505,"Kim, Peterson and Schaefer","Ericksonport, NZ",Large
506,Parrish-Small,"Perryland, MA",Startup
507,"Shaw, Myers and Smith","Brookeport, TV",Startup
508,Smith-Huynh,"South Dawnfort, AE",Startup
509,Cardenas-Williams,"West Michael, PW",Startup
510,Davis Inc,"Taylorland, PL",Mid
511,Davis-Hudson,"South Thomasview, BR",Startup
512,"Mcdonald, Carey and Cruz","Kingburgh, ER",Large
513,Williams LLC,"Jeremytown, GQ",Large
514,Cooper PLC,"Michaelbury, FM",Large
515,"Graham, Ramirez and Haas","East Tammy, SY",Mid
516,"Lowe, Schmidt and Harris","Dannyborough, MA",Mid
517,"Kemp, Young and Stewart","Tracyborough, CZ",Startup
518,"Hodges, Allen and Washington","Davidside, JO",Mid
519,Blair PLC,"Hernandezshire, LU",Large
520,"Cruz, Patrick and King","Walshstad, KG",Startup
521,"Rivers, Jones and Cameron","Nelsonchester, NE",Large
522,Lindsey-Chan,"Albertport, RW",Mid
523,Hess Inc,"East Kathrynchester, FJ",Mid
524,Williams Ltd,"Lake Patrick, ST",Mid
525,"Moore, Fields and Valdez","Marcusstad, GT",Mid
526,Todd-Wright,"Port Thomas, IQ",Startup
527,Morrison and Sons,"Richardfurt, JM",Mid
528,"Barrett, Bennett and Stokes","New John, JP",Startup
529,"Jefferson, Orr and Gonzalez","Lake Matthewhaven, RO",Large
530,"Davis, Chambers and Lee","Davidton, VN",Mid
531,Guerra-Hall,"New Ronald, PA",Mid
532,Brooks Ltd,"West Elizabeth, DE",Mid
533,"Nolan, Jones and Nelson","Hillfurt, BO",Startup
534,"Davidson, Walsh and Meyers","Susanfort, IQ",Mid
535,Burgess-Barrera,"Leebury, SC",Large
536,Anderson LLC,"South Briannafort, MZ",Mid
537,"Cameron, Carter and Smith","Blakebury, CL",Large
538,Christensen LLC,"New Codystad, HU",Large
539,Clark-Dennis,"North Brianhaven, IT",Mid
540,Obrien and Sons,"North Joannaberg, VC",Large
541,Gomez PLC,"Stevenshire, BE",Startup
542,Rogers-Shaw,"Ginafurt, PW",Startup
543,Gardner-Murphy,"Phillipsmouth, BE",Mid
544,"Brooks, Morales and Parker","South Chelseamouth, MR",Startup
545,"Harrison, Nelson and Butler","North Darren, PG",Mid
546,"Boyd, Manning and Smith","Walshmouth, EG",Startup
547,Morgan Group,"East Robertbury, PS",Startup
548,"Sutton, Rivera and Mcintyre","Port Briannaview, MM",Startup
549,Lee Inc,"Bradshawport, TW",Startup
550,Clark-Stevens,"Port Isabellaport, BB",Startup
551,Young LLC,"South Evan, ZM",Large
552,Shaffer Inc,"West Adammouth, MZ",Mid
553,"Powers, Lee and Graves","North Cindy, CZ",Mid
554,Williams-White,"Amyside, CH",Startup
555,Smith-Green,"East Mariahberg, NL",Mid
556,Miller and Sons,"North Michele, BZ",Mid
557,Thomas-Howell,"Matthewshire, HN",Mid
558,"Velez, Foley and Walker","Lake Joseph, SN",Mid
559,Mccoy Group,"North Tamara, SM",Startup
560,Hall Ltd,"Jamesview, HT",Startup
561,Dixon-Sanchez,"Adamsshire, AZ",Startup
562,Goodman and Sons,"Zacharyfurt, ST",Mid
563,"Garcia, Moss and Mccormick","New Bettyborough, GR",Mid
564,Mccullough-Fields,"Georgeview, LB",Mid
565,"Green, Stewart and Nelson","Carmenbury, TV",Large
566,Montgomery and Sons,"New Josemouth, KE",Large
567,Fuentes LLC,"Lake Christophershire, UZ",Startup
568,Farmer-Higgins,"East Cindy, IL",Mid
569,Lyons-Dunlap,"Jamesshire, BN",Large
570,"Moore, Whitney and Davis","East Jamie, BO",Startup
571,Glass and Sons,"Jenniferfurt, RO",Large
572,Gaines Ltd,"Jacquelineville, GE",Mid
573,Garcia-Cannon,"Port Shannon, TV",Startup
574,"Robbins, Luna and Wiggins","Tonyburgh, BO",Startup
575,Green-Poole,"Lake Timothyville, LB",Startup
576,Shaw-Bell,"Rodriguezfort, NZ",Startup
577,"Mason, Gonzalez and Miller","Garciamouth, DE",Mid
578,Carroll-Carroll,"Lake Andrewbury, ZA",Large
579,"Fisher, Davis and Kelly","North Kevin, VA",Large
580,Hughes Ltd,"East Lisa, GY",Large
581,Mcneil Ltd,"Brandonshire, MU",Large
582,"Clark, Garcia and Smith","East Laurenland, UA",Startup
583,Robinson-Murphy,"East Raymond, NR",Large
584,"Jenkins, Shelton and Galloway","Port Jenniferhaven, DM",Mid
585,"Oconnor, Montgomery and Figueroa","Lake Elizabeth, BA",Startup
586,Lin-Robinson,"Jamesmouth, TO",Mid
587,"Thompson, Mosley and Mitchell","Lake April, UA",Startup
588,Austin-Burke,"South Christophermouth, PW",Mid
589,Smith-Webster,"West Karen, DK",Large
590,Bennett and Sons,"Burnetttown, KE",Startup
591,Hess-Hobbs,"Jacquelineview, MN",Large
592,Scott-Garcia,"Raymondville, SR",Mid
593,Scott Ltd,"Lake Colleenmouth, NA",Large
594,"Wheeler, Thompson and Rivera","Jacobland, BR",Startup
595,Collins LLC,"Ryanfort, SB",Large
596,"Decker, Wilson and Daniel","North Elizabeth, VU",Startup
597,Erickson-Hill,"Aaronview, AZ",Mid
598,"Harrison, Miller and Vasquez","East Laceyville, FI",Large
599,Avery-Randall,"Thomasborough, SR",Mid
600,Gonzalez LLC,"Lake Kaylaport, VU",Large
601,Rodriguez LLC,"Lake Jamesberg, JM",Mid
602,Diaz PLC,"Harrismouth, TR",Mid
603,Perez-Herman,"Michaelside, NA",Startup
604,Reese Inc,"Webbmouth, NA",Startup
605,Yang-Ross,"Andrewschester, IQ",Mid
606,"Arnold, Burns and Garcia","Deniseport, NE",Mid
607,Blankenship-Ferguson,"Aarontown, TO",Startup
608,"Acosta, Roy and Gutierrez","East Erica, GY",Startup
609,"Barton, Guzman and Jones","East Eric, FI",Mid
610,Miller-Schultz,"Beckerburgh, GA",Large
611,Hendricks Group,"West Julie, MX",Startup
612,"Burke, Paul and Conner","New Jerome, BA",Startup
613,Glenn-Rodriguez,"Maryton, TH",Startup
614,Schaefer-Anderson,"New Natalieview, SE",Large
615,"Harris, Hopkins and Miranda","Brooksmouth, TR",Startup
616,Reyes LLC,"West Lynnbury, BB",Startup
617,"Smith, Adkins and Peterson","South Gregory, BO",Large
618,Guerra and Sons,"North Timothy, SC",Large
619,Smith Inc,"Bryanttown, ET",Mid
620,Rodriguez-Mcgrath,"Bonnieview, SN",Large
621,"Mullen, Chaney and Morris","Simmonston, HT",Large
622,"Walker, Welch and Alexander","South Alyssaview, DK",Startup
623,Cochran Ltd,"Robinsonland, BR",Large
624,Wells PLC,"Kevinfurt, FM",Mid
625,Knight PLC,"Woodberg, PL",Mid
626,Rivers-Bautista,"Port Austinport, AT",Large
627,"Cabrera, Schultz and Walker","Jessicaland, MX",Large
628,"Morgan, Novak and Sullivan","North Ashley, KI",Mid
629,"Hall, Oconnell and Wilson","Careyland, MN",Mid
630,Harris Ltd,"South Keith, UY",Startup
631,Barajas-Wilson,"West Christopher, AR",Large
632,Olsen and Sons,"Michelleview, AE",Startup
633,Adams-Bautista,"South Maryshire, DO",Mid
634,Montgomery-Bell,"Carpenterfurt, MV",Mid
635,Case PLC,"Millerborough, MH",Large
636,Fisher LLC,"Jacquelineburgh, ME",Startup
637,Morgan Group,"South Jameshaven, TT",Startup
638,Weiss Inc,"North John, IE",Startup
639,"Mendoza, Bishop and Wade","South Omarshire, DO",Mid
640,Stephenson and Sons,"Thomasshire, TT",Large
641,Hernandez-Robles,"Craigside, JM",Mid
642,"Carter, Gordon and Hurst","South Cynthia, GB",Startup
643,Thomas and Sons,"Garzashire, BT",Mid
644,Love LLC,"North Dianaland, GR",Startup
645,Ingram-Long,"Johnstad, MK",Mid
646,"Zavala, Jones and Williams","Hallport, BE",Large
647,"Leon, May and Wilson","Jessicamouth, MY",Large
648,Norton-Flores,"Sanchezfurt, TJ",Startup
649,"Brown, Ross and Wright","Jillfort, JM",Mid
650,"Townsend, Jenkins and Johnson","West Joshuabury, KN",Startup
651,"Riddle, Hicks and Thompson","Lake Melissafort, DJ",Mid
652,"Herrera, Moore and Braun","North Kyleborough, BB",Mid
653,Jones LLC,"Mariabury, GQ",Mid
654,Jones-Ortiz,"West Michaelview, MN",Large
655,Howe-Gallagher,"Gilbertbury, DE",Mid
656,Ellis-Bailey,"New Kristenburgh, VN",Large
657,Robinson Group,"South Daniel, OM",Mid
658,Goodwin-Ramirez,"New Vanessa, JO",Startup
659,Bennett-Jackson,"Whitemouth, ZM",Large
660,Bean-Chavez,"Jordanside, KR",Large
661,"Goodwin, Harrison and Lopez","Davidtown, AM",Startup
662,Gardner-Li,"Dustinberg, UZ",Startup
663,Robinson-Hill,"Lake Melissahaven, TM",Large
664,Moore Inc,"Aimeestad, KM",Startup
665,"Fisher, Miller and Duarte","West Cassie, MD",Startup
666,"Clayton, Pratt and Stone","Stephanieside, AF",Mid
667,"Jones, Spencer and Bowers","Mooreside, GB",Large
668,Lyons Inc,"Wangside, UZ",Large
669,Robinson PLC,"West Brittanyland, MW",Large
670,"Lopez, Davis and Greene","Johnsonland, SM",Mid
671,"Williams, Romero and Goodwin","Gregorybury, MM",Startup
672,Martinez LLC,"Timothytown, KZ",Large
673,Lopez-Hughes,"Kentville, BT",Startup
674,"Palmer, Moody and Wallace","South Amanda, BE",Startup
675,Lawrence PLC,"Saraview, BR",Mid
676,Harrison-Stevenson,"Barberfurt, AD",Large
677,Webb-Garcia,"Andreaton, RO",Large
678,Williams-Leonard,"Samuelside, BI",Large
679,Fox Group,"West Madisonchester, NP",Large
680,"Taylor, Ruiz and Hernandez","East Davidbury, SK",Large
681,"Taylor, Thompson and Good","South Patriciaport, RS",Startup
682,"Wheeler, Hall and Gonzalez","New Devinview, AG",Mid
683,"Bell, Jones and Munoz","Angelastad, DE",Large
684,"Moyer, Nelson and Johnston","Jordanport, NG",Large
685,"Shepard, Anderson and Robinson","Lake Stacey, SE",Startup
686,Smith and Sons,"Collinsland, MA",Mid
687,"Mathews, Chavez and Scott","Hamiltonport, WS",Startup
688,Wiley LLC,"West Manuel, RW",Startup
689,"Lawrence, Smith and Powell","North Jessicamouth, BT",Large
690,"Allen, Harvey and Jordan","Montoyabury, AR",Large
691,Shaw-Knapp,"North Williamside, FJ",Large
692,Phillips Ltd,"North Davidshire, WS",Startup
693,Lang-Hill,"Stephanieville, DE",Mid
694,Hernandez LLC,"Danielberg, DZ",Large
695,"Bradford, Ryan and Edwards","Port Austinfort, SZ",Large
696,Lang PLC,"Jaredberg, LT",Large
697,Rivas Inc,"West Rick, CY",Mid
698,Spencer-Watson,"Wilsonfurt, VU",Startup
699,"Ward, Morton and Taylor","Lisaview, GM",Startup
700,"Deleon, Waters and Perez","Lake Michael, AU",Startup
701,"Thomas, Park and Smith","North Shaneland, LB",Mid
702,Wilcox PLC,"East Leonard, CM",Mid
703,Sanders-English,"Jeanettefurt, SL",Mid
704,Jackson-Johnson,"Smithton, BH",Mid
705,"Morgan, Moore and Ramirez","Alexanderfurt, BE",Startup
706,Ellis PLC,"Youngton, WS",Large
707,Rojas-Mckinney,"East Anthony, CM",Startup
708,Gilbert-Gonzalez,"West Anthonyfurt, CV",Startup
709,Martinez-Martin,"Port Brian, LC",Large
710,Ayers-Davis,"Tracyshire, SC",Startup
711,Mcintosh Inc,"Jameshaven, CF",Mid
712,"Barnes, Cervantes and Ramos","Kristinaville, LT",Mid
713,Harris-Flores,"Donnaland, FJ",Startup
714,"Montgomery, Bradley and Brandt","North Royborough, IR",Startup
715,Wright-Ochoa,"Williamsfort, BZ",Startup
716,Sanders Group,"Port Robinchester, NG",Large
717,Meadows Group,"Joshuamouth, TN",Large
718,Thompson-Patterson,"Michaelville, BG",Large
719,"Edwards, Moore and Miller","North Justinmouth, MG",Startup
720,Martinez and Sons,"Cooperport, WS",Startup
721,Shepard-Kelly,"New Susan, FJ",Mid
722,Lambert Inc,"West Ericshire, ZA",Large
723,"Blankenship, Greer and Hernandez","Port Jessica, PG",Large
724,Benson LLC,"Curtischester, MN",Mid
725,Martinez-Braun,"Lake Patricia, VC",Mid
726,Powell-Moreno,"South Jamesstad, MV",Large
727,Pitts-Fuentes,"Matthewmouth, DK",Large
728,Allen Ltd,"Cruzmouth, MY",Mid
729,"Anderson, Reyes and Perez","Smithview, BS",Mid
730,Boyd-Brooks,"Gamblemouth, TH",Startup
731,Hill LLC,"West Mary, MZ",Mid
732,Oconnor-Russell,"South Tarabury, GT",Large
733,Jensen-Adams,"New Bethburgh, IL",Mid
734,Smith-Coleman,"Lake Scottfort, GN",Startup
735,"Rose, Johnson and Cook","West Mariaberg, HU",Mid
736,Davies-Vazquez,"Karenborough, LK",Startup
737,"Frazier, Torres and Humphrey","Michaelstad, HN",Startup
738,Chen and Sons,"South Kristymouth, SI",Large
739,"Kramer, Mccall and Simpson","Brianfort, BD",Startup
740,Lee LLC,"Watkinston, MM",Large
741,Bennett-Johnson,"West Katherineview, GR",Startup
742,Butler-Reese,"Port Connieville, FR",Large
743,Hernandez-Schwartz,"South Annafort, KI",Startup
744,"Reynolds, James and Holland","Wrightton, NL",Startup
745,Peterson Inc,"Michaelmouth, BH",Startup
746,"Johnson, Gomez and Simpson","Yangstad, BE",Mid
747,"Hughes, Hoover and Reyes","South Jason, SY",Startup
748,Ibarra-Garcia,"Armstrongburgh, LR",Mid
749,Stafford Ltd,"Lake Andrewstad, PG",Mid
750,Roberts-Green,"Jonesmouth, ER",Startup
751,Graham-Cruz,"Port Pamela, BO",Mid
752,"Hernandez, Carrillo and Garza","East Glennville, MH",Mid
753,"Kelley, Mathews and Serrano","Whitestad, TV",Mid
754,Norton-White,"Bishopstad, MU",Large
755,Leonard-Cooper,"South Nicolasshire, NA",Large
756,"Patel, Davis and Anderson","Port Kevin, FJ",Startup
757,"White, Valencia and Humphrey","West Lori, VA",Startup
758,Taylor PLC,"West Whitney, BW",Large
759,White-Hayes,"West William, MM",Mid
760,Hill Inc,"West Margaretland, SI",Large
761,Mcdowell-Thompson,"Nathanville, GH",Startup
762,Hampton-Brooks,"North Sheryltown, IQ",Mid
763,Hartman Inc,"Shannonfort, ZM",Large
764,"Gray, Gonzalez and Moore","Susanland, JO",Mid
765,Mcgee and Sons,"Lopezville, TW",Mid
766,Zimmerman-Becker,"Jamiestad, KE",Large
767,Bray-Hayden,"Cruzhaven, KI",Startup
768,"Adams, Mitchell and Stanley","South Marissa, CZ",Large
769,Cameron Group,"Franciscofort, MT",Mid
770,Crawford Ltd,"East Brian, UZ",Large
771,"Nunez, Reed and Dominguez","Port Stacyville, AO",Mid
772,Martinez-Jacobs,"North Josephhaven, CZ",Mid
773,Smith-Jones,"Ramirezville, IT",Startup
774,Davis Inc,"Lake Reneefurt, NG",Startup
775,Taylor and Sons,"West Robertborough, UG",Mid
776,Burns-Lewis,"West Austinland, JO",Startup
777,Khan Inc,"Ashleyview, KR",Startup
778,"Hall, Golden and Randall","North Susanfort, CO",Startup
779,Anderson Inc,"East Alyssaland, SM",Startup
780,Harris and Sons,"Amandabury, GW",Mid
781,"Thomas, Horton and Evans","Ellisonland, LI",Large
782,Lee Group,"North Hollyport, JP",Startup
783,Coleman-Brown,"South Brooketon, LT",Large
784,"Walker, Miller and Williams","New Jonathanview, ME",Startup
785,Graham Group,"South Marcport, NI",Large
786,Wilcox-Orozco,"Stuartbury, DM",Large
787,Fry-Sanders,"Port Christinaburgh, TV",Mid
788,"Herrera, Dean and Wright","Roachchester, VU",Mid
789,Black Ltd,"Angelafurt, GN",Startup
790,Maldonado-Reyes,"Nicholasstad, NO",Mid
791,Jones-Jordan,"Walkerport, NR",Large
792,Stafford-Fuller,"New Danielville, ZA",Large
793,"Dickerson, Tate and Mason","Booneshire, FI",Large
794,Anderson-Glenn,"Jessemouth, MK",Startup
795,"Elliott, Campbell and Moore","Harriston, GE",Startup
796,"Garcia, Murphy and Clark","Payneburgh, BS",Startup
797,Allen-Sutton,"South Kaitlyn, BF",Mid
798,"Snow, Welch and Meyer","South Thomasbury, NA",Mid
799,Farley LLC,"Garciaberg, VE",Large
800,Smith Group,"East Nicholas, BT",Large
801,Suarez Group,"Coxland, CV",Startup
802,"Haas, Bryant and Scott","Connorport, BI",Large
803,Hernandez-Rodriguez,"Jesseshire, GY",Large
804,"Robbins, Hall and Barnett","Lake Sarabury, JO",Large
805,Johnson-Kelly,"Lake Vickibury, MG",Mid
806,"Cardenas, Kemp and Roberts","Lake Moniquemouth, PL",Large
807,Henry-Mason,"Bentonhaven, KR",Large
808,Miller PLC,"Lake Jamestown, MU",Mid
809,Hopkins-Smith,"Pricefurt, ZW",Startup
810,Miller-Riley,"Smithstad, NG",Mid
811,Bauer Group,"Hortonbury, BR",Mid
812,Downs-Griffin,"Austinport, PL",Startup
813,"Hunt, Ortiz and Erickson","Lake Laurenville, IS",Startup
814,"Sanchez, Jackson and Fernandez","Lake Antonio, TR",Startup
815,Ward LLC,"North Shawnside, BT",Large
816,"James, Pearson and Roth","Bentleyville, FI",Large
817,Woodard Inc,"Mcphersonbury, SM",Mid
818,Perry-Mcmahon,"Knightville, CR",Large
819,"Galloway, Jordan and Cox","North Tina, NG",Mid
820,Jensen-Harris,"South Patriciaburgh, TT",Startup
821,Hurley Ltd,"West Timothystad, ZM",Large
822,Waters Group,"Port Ryan, GM",Large
823,Curry PLC,"Port Rebeccahaven, MN",Large
824,Reynolds-Castillo,"Josephfort, KN",Large
825,"Gordon, Rose and Byrd","South Alexis, CV",Mid
826,"Andersen, Rose and Scott","Port Justinfort, NR",Startup
827,Ross Group,"South Joelport, AU",Startup
828,"Myers, Bradley and Gilmore","Charlesside, MH",Startup
829,Mack and Sons,"North Jayberg, PY",Mid
830,Bartlett PLC,"West Bailey, BE",Mid
831,Thompson LLC,"Hortonmouth, MX",Large
832,"Crawford, Schmidt and Gonzalez","Whitneyport, TN",Startup
833,"Watson, Richardson and Baker","Hamiltonville, VE",Mid
834,"Ruiz, Johnson and Christensen","Port Shane, ML",Mid
835,Hernandez Ltd,"Chavezchester, CU",Large
836,"Richmond, Jones and Reilly","Royborough, AG",Large
837,Martinez Inc,"Port Timothy, NA",Startup
838,Fisher Group,"Richardsonburgh, TH",Mid
839,"Jones, Crawford and Kelly","East Ashleychester, NO",Startup
840,"Boyd, Howard and Morgan","Lake Sarahfort, MX",Mid
841,Wood Inc,"Brownberg, AL",Large
842,"Jackson, Yang and Freeman","East Wendyville, NR",Large
843,Martin PLC,"Lewisville, KP",Startup
844,"Burns, Suarez and Morrison","West Kyle, FM",Startup
845,"Russo, Sharp and Bailey","Port Bryanview, GE",Large
846,"Estrada, Smith and Baldwin","Robertshire, NE",Mid
847,"Gregory, Nelson and Smith","Ronaldland, AD",Large
848,Houston-Miller,"East Michaelberg, BY",Mid
849,"Smith, Wallace and Garza","Andersonberg, GD",Startup
850,Ford Inc,"Petersonburgh, DZ",Mid
851,"Meadows, Wilkinson and Palmer","Rhondafurt, IQ",Startup
852,Hess and Sons,"Lake Jameston, GR",Mid
853,Grimes-Sullivan,"Beckerberg, MA",Large
854,"Weeks, Williams and Smith","North Kevinshire, RU",Startup
855,Mcguire-Hayes,"Jenniferborough, CD",Mid
856,"Williams, Adams and Dominguez","West Cathy, NO",Mid
857,Buchanan-James,"Lake Jacobport, SY",Startup
858,Hall-Wilcox,"Jasontown, TV",Mid
859,"Brown, Gallagher and Scott","Powersfort, BB",Large
860,Miller-Cole,"Mirandatown, GR",Large
861,Fox Ltd,"Whiteton, BS",Startup
862,Odonnell Group,"Kaylaport, LC",Large
863,Schultz Inc,"Rileyville, QA",Startup
864,"Robinson, Espinoza and Garcia","New Robyn, YE",Mid
865,"Henson, Sawyer and Gordon","Brownmouth, ME",Large
866,Rodriguez-Morales,"Wandamouth, MY",Startup
867,"Munoz, Parker and Marsh","Nicoleside, CD",Large
868,Collins Ltd,"Kennedymouth, MG",Mid
869,Sanchez-Camacho,"Port Michael, CH",Mid
870,Paul-Ellis,"Ayalaland, VA",Mid
871,Church LLC,"Melissaburgh, AL",Large
872,"Holt, Carlson and Shaffer","New Anthonyport, SC",Large
873,Wells and Sons,"South Jillside, CG",Startup
874,Gomez-Anderson,"New Jennifer, ZW",Large
875,Robinson Group,"Port Haleyport, KE",Startup
876,Klein-Ramirez,"Davishaven, MW",Startup
877,Obrien-Kelley,"East Katiemouth, SA",Mid
878,Hernandez LLC,"Sherrimouth, GA",Large
879,Bryan Inc,"Nguyenmouth, SK",Mid
880,Anderson PLC,"Lake Davidfort, BD",Large
881,Evans Group,"Kylieside, MM",Startup
882,Garcia Inc,"West Sonya, GN",Startup
883,Bennett Inc,"Wrightville, IT",Large
884,Brown-Jones,"Johnsonside, BG",Large
885,"Irwin, Flores and Fowler","North Virginia, UZ",Startup
886,"Olsen, Turner and Carpenter","East Michael, CH",Mid
887,Gray-Simmons,"South Mark, MK",Large
888,Garcia-Obrien,"Kimberlychester, BI",Startup
889,Travis-Murphy,"North Dennisview, CU",Mid
890,Perez Inc,"Nicolastown, SG",Mid
891,Owen-Lopez,"Walkerton, UG",Startup
892,"Ashley, Owens and Garcia","Lake Davidport, PG",Large
893,Miranda Group,"Lake Sarahmouth, BI",Startup
894,Carter Inc,"Rosemouth, LU",Startup
895,Norton Ltd,"Crystaltown, TL",Startup
896,Hernandez-Guerrero,"Joshuamouth, GQ",Mid
897,"Harris, Braun and Patton","Port Stacyberg, MC",Mid
898,Tate-Snow,"Port Katieborough, TD",Mid
899,Conner-Jones,"Jasonmouth, MX",Startup
900,Douglas-Ferguson,"Phillipsville, MN",Large
901,"Garcia, Moore and Fox","Craigmouth, VN",Startup
902,Cooper-Bruce,"Andrewborough, MW",Startup
903,Mcintyre-Wagner,"West Karamouth, CY",Large
904,Jones-George,"South Kayla, ME",Mid
905,Tapia Group,"West Stuart, AU",Large
906,Carpenter Group,"Gonzalezville, HR",Large
907,Deleon-Lyons,"Josefurt, TO",Startup
908,Petersen-Fuentes,"West Curtiston, AF",Large
909,Bryant PLC,"Austinville, MR",Large
910,"Long, Harrington and Bryant","Lake Megan, MN",Startup
911,Vaughn and Sons,"South Samanthabury, AR",Startup
912,"Johnson, Yates and Lee","Maryview, MW",Large
913,Esparza-Chen,"Robertsport, SC",Mid
914,Hall-Lynn,"New Kimberlyland, ZA",Mid
915,Gutierrez-Flores,"Crawfordtown, PY",Mid
916,Stanley-Stone,"Silvafort, MZ",Large
917,"Jones, Allen and Horton","New Stevenfurt, JO",Startup
918,White-Everett,"Tracyborough, EG",Startup
919,Mayo-Mullins,"Lake Michaelberg, VC",Startup
920,Wiggins and Sons,"Yvettefort, AT",Startup
921,"Larson, Vasquez and Bishop","East Lorifort, JO",Startup
922,Carter-Pittman,"Baileyburgh, MG",Large
923,Holmes-Sloan,"Port Carmen, SB",Startup
924,"Stevens, Smith and Mendez","Perkinstown, TN",Large
925,Pope Inc,"Pattonton, KZ",Mid
926,"Davis, Brown and Burke","South Nathanielville, PG",Large
927,Evans-Scott,"Pearsonberg, TN",Mid
928,Owen Ltd,"Sherriside, SN",Mid
929,"Lynn, Davenport and Gonzales","South Ryan, IQ",Mid
930,Colon Ltd,"Angelamouth, IQ",Large
931,Barnett-Boyer,"Lake Michelle, MW",Startup
932,Sanchez Inc,"Trevorhaven, BZ",Large
933,"Anderson, Ortiz and Stanley","Lake Andre, EG",Mid
934,Parker PLC,"North Laurenmouth, MM",Large
935,Hernandez-Taylor,"Shortburgh, CR",Large
936,Cantu and Sons,"West Mary, TJ",Startup
937,"Harrington, Clark and Carter","Warrenbury, WS",Large
938,"Hernandez, Myers and Ward","Danielville, NE",Startup
939,Price-Kelley,"Thomasfort, HN",Large
940,Lopez Group,"West Toddmouth, VA",Large
941,Kidd LLC,"Jillport, US",Large
942,"Williams, Poole and Anderson","North Paige, BS",Mid
943,Mcdowell-Davis,"Lake Aliciaberg, MC",Large
944,"Pineda, Williams and George","Port Richard, KE",Mid
945,Peck-Olson,"Johnsonport, IE",Large
946,"Johnson, Hodge and Shaffer","Port Jonathan, GR",Startup
947,Carlson Group,"Michaelfort, UA",Startup
948,"Davis, Bailey and Hebert","Rayport, GM",Mid
949,"Aguirre, Collins and Manning","Lake Ryan, RU",Startup
950,"Freeman, Foley and Smith","Michaelview, VC",Startup
951,Acevedo-Frazier,"Ellisport, CY",Mid
952,Davis PLC,"South Katherineton, LY",Startup
953,Ford-Taylor,"Lake Melissa, MV",Startup
954,Sanchez LLC,"South Jilltown, IQ",Large
955,Armstrong Inc,"Davisstad, HN",Startup
956,Gilbert Inc,"New Megantown, BT",Mid
957,Miller Ltd,"North Dianaton, RU",Large
958,Moore-Garner,"Hollyborough, MX",Startup
959,Jenkins-Good,"Contreraston, LC",Mid
960,Vance Ltd,"Wardbury, RW",Startup
961,"Sellers, Williams and Ortiz","Matthewshire, SB",Startup
962,"Rodgers, Martinez and Zhang","North Shane, LR",Startup
963,Simon LLC,"West Michaelborough, BE",Startup
964,Flynn-Franco,"North Grant, MR",Large
965,Floyd-Smith,"East Willie, BO",Mid
966,"Bailey, Mccullough and Moon","Davidhaven, CL",Large
967,"Kerr, Austin and Smith","Port Charles, GM",Large
968,"Potter, Chapman and Christensen","Colemanfort, SM",Large
969,Francis-Jones,"North Jacqueline, SV",Startup
970,"Stephens, Garcia and Yoder","South Caitlynchester, NL",Large
971,Robbins-Burke,"Sherrichester, BN",Large
972,"Hall, Savage and Walker","Bowersberg, SK",Startup
973,Smith-Cross,"Anthonybury, ET",Mid
974,Martinez-Stephens,"South Michellebury, GR",Mid
975,"Barton, Wilson and Russell","Kristiemouth, DK",Large
976,"Brown, Bernard and Flores","West Andrew, MD",Mid
977,Mendoza-Flores,"West Andrew, ID",Large
978,Bowman PLC,"Nicholshaven, HR",Startup
979,"Turner, Hernandez and White","North Alicia, IQ",Mid
980,Davis Inc,"Port Tina, PE",Mid
981,Zhang-Watson,"New Veronica, AL",Mid
982,"Harrison, Wallace and Chen","Port Catherinetown, VE",Startup
983,"Cruz, Cruz and Flores","New Alyssa, CI",Startup
984,Garcia-Smith,"North Kevin, YE",Startup
985,Castaneda Group,"Nobleside, CY",Mid
986,"Sawyer, Frye and Jenkins","West Hayleyton, DJ",Large
987,Bradshaw and Sons,"Kathrynfort, TO",Large
988,"Cross, Johnson and Chan","Danielview, BT",Mid
989,Jones LLC,"Taraborough, KG",Mid
990,Adams-Chapman,"Littleshire, CF",Mid
991,Duran-Williams,"East Patrickfurt, BT",Mid
992,Arnold Inc,"Jonesfurt, NL",Startup
993,Kirk Group,"Chasestad, LU",Startup
994,Flynn-Kennedy,"Villaport, CO",Large
995,Singleton-Roy,"Port Rodney, LR",Large
996,"Combs, Brown and Williams","Jessicatown, PH",Mid
997,Meyer-Reyes,"Port Christine, BH",Startup
998,Anderson LLC,"Elizabethton, PW",Mid
999,Duncan-Reyes,"New Ryan, BW",Startup
1000,"Davis, Murphy and Cox","Pittmanville, CR",Mid
1001,"Peterson, Brown and Mcdonald","Port Bernard, BY",Mid
1002,Turner and Sons,"Robertsmouth, MN",Mid
1003,"Spears, Moore and Mccormick","South Lisa, IS",Startup
1004,Shaw LLC,"New Johnnybury, LI",Startup
1005,Gill-Schmidt,"New Williambury, FR",Large
1006,"Fuentes, Russo and Watson","East Amanda, GA",Startup
1007,Weaver-Mills,"South Benjamin, PY",Large
1008,Lee-Levy,"West Lindsayfurt, LK",Startup
1009,Anderson PLC,"Younghaven, KM",Startup
1010,Murphy-Sosa,"North Patrick, SZ",Mid
1011,Lawrence Group,"Lake Aliciachester, TM",Startup
1012,Gonzales-Gardner,"Frazierberg, DO",Large
1013,"Padilla, Mann and Pierce","West Brandon, RW",Mid
1014,"Vazquez, Mcknight and Vega","Ramseyview, TV",Large
1015,"Walker, Soto and Miles","Oconnorville, IT",Startup
1016,Kelly-Walls,"East Ana, KN",Startup
1017,Roberts-Watson,"Perryside, CZ",Mid
1018,"George, Hines and Galvan","East Rachelland, MH",Large
1019,"Lam, Garcia and Lopez","Baldwinland, TV",Large
1020,"Vasquez, Grimes and Mooney","Brewerland, AT",Startup
1021,Mcneil-Nelson,"Duartebury, VA",Startup
1022,Wiggins-Rivera,"Andreashire, TO",Large
1023,Morris-Swanson,"Howellburgh, NO",Startup
1024,Wong and Sons,"North Kristie, CL",Large
1025,"Davidson, Green and Johnson","West Tylerberg, JO",Large
1026,Greer-Garner,"South Chadton, IQ",Mid
1027,"Nash, Solomon and Cameron","Davidfurt, IT",Mid
1028,Jimenez Group,"Williamview, CU",Mid
1029,Garcia-Adams,"Port Victoriaburgh, TN",Mid
1030,Munoz and Sons,"Smithmouth, UG",Startup
1031,Griffin Ltd,"Harrisonhaven, PT",Large
1032,Briggs-Miller,"Janicemouth, UZ",Startup
1033,Dominguez Group,"New Melissashire, RW",Large
1034,"Cohen, Schneider and Scott","Port Nathan, TM",Large
1035,Peterson Ltd,"Staffordstad, AZ",Large
1036,Ramsey-Hamilton,"West Kyliechester, AD",Startup
1037,Davidson-Clark,"Lake Erika, VC",Mid
1038,"Ramirez, Sanchez and Lucas","Johnsonfurt, GQ",Startup
1039,"Atkinson, Branch and Horton","New Darren, ET",Large
1040,Hawkins Ltd,"North Madison, UZ",Mid
1041,Moore Ltd,"Abigailmouth, NE",Mid
1042,Hughes-Henry,"West James, ER",Startup
1043,Johnson-Thomas,"Lake Curtis, BS",Large
1044,"Hunt, White and Schmidt","Josephstad, DZ",Startup
1045,Harris-Zavala,"West Michael, NI",Startup
1046,Price PLC,"Madisonside, BH",Startup
1047,Craig-Lloyd,"Priceborough, LU",Startup
1048,Bell-Perez,"Rossbury, SC",Mid
1049,Cole-Clark,"South Meganmouth, LI",Startup
1050,Knight-Lozano,"New Heatherbury, BG",Mid
1051,Burton LLC,"South Jamesville, JM",Mid
1052,"Castillo, Bonilla and Mclaughlin","West Jasonmouth, IR",Large
1053,Byrd-Christian,"West Theresashire, NI",Large
1054,Price-Sandoval,"Lake Markport, PK",Large
1055,Black-Simmons,"Allenburgh, BW",Startup
1056,"Berger, Jackson and Hansen","Hopkinstown, KP",Mid
1057,Kent-Preston,"North Nicolechester, CO",Mid
1058,"Hartman, Rowe and Hernandez","East Joseph, GR",Large
1059,Morrison-Turner,"Mayerview, NI",Mid
1060,Smith Inc,"New Adam, BN",Startup
1061,Gardner-Chavez,"Lopezfort, KH",Mid
1062,Morris-Blake,"Lake Anthony, CL",Mid
1063,Hunter-Ward,"Millerborough, WS",Large
1064,Hicks and Sons,"Port Franciscoside, GT",Large
1065,Torres-Clark,"West Jason, RO",Mid
1066,Brown Ltd,"West Keithview, LU",Mid
1067,Kerr Ltd,"Juanburgh, TD",Mid
1068,"Hobbs, Moreno and Williams","Andrewmouth, GN",Startup
1069,"Brown, Giles and Thompson","North Mistyland, DJ",Startup
1070,Jordan Inc,"Joelland, MC",Mid
1071,Rodriguez Inc,"Lake Debbie, SZ",Mid
1072,Evans-Alvarado,"Davidmouth, BJ",Large
1073,"Phillips, Sanchez and Christensen","East Davidchester, NE",Large
1074,"Sexton, Davis and Allen","Lake David, FI",Startup
1075,"Gill, Russo and Hill","Gomezchester, UG",Startup
1076,"Walsh, Davis and Tanner","North Brettfurt, MH",Large
1077,Green Group,"Port Yvetteland, LK",Mid
1078,"Wilson, Wilson and Austin","Mistyfurt, KP",Large
1079,Williams-Thomas,"North Patricia, YE",Large
1080,"Thompson, Gibson and Simmons","Gutierreztown, TJ",Mid
1081,"Bush, Dennis and Burke","Benitezfurt, ST",Startup
1082,Anderson and Sons,"Griffintown, KP",Startup
1083,"Russell, Wood and Robertson","Gonzalezstad, VN",Mid
1084,Johnson LLC,"South Christopher, FJ",Startup
1085,Kaufman LLC,"Port Ianfurt, LR",Startup
1086,Murphy LLC,"Whitefort, NI",Large
1087,Matthews-Collins,"Jonesville, TO",Mid
1088,Rivas PLC,"South Timothystad, CH",Startup
1089,Alvarez PLC,"North Connorfurt, PA",Mid
1090,Best Inc,"Lake Melanie, VU",Mid
1091,"Ochoa, Davidson and Thomas","Coryton, WS",Large
1092,"Reilly, Barajas and Hughes","South Kathleen, MV",Startup
1093,"Dixon, Wright and Smith","Markfort, NO",Large
1094,"Sawyer, Hall and Lowe","Nancyberg, AF",Large
1095,"Donaldson, Espinoza and Mills","Matthewsberg, DO",Mid
1096,Davis-Moore,"North Jessica, VC",Mid
1097,Clark PLC,"New Austin, BZ",Startup
1098,Lynch-Coffey,"Deborahton, CV",Large
1099,Archer Ltd,"Allisonview, ET",Mid
1100,"Estrada, Perry and Jackson","Eatonmouth, PW",Startup
1101,Shelton-Ellison,"Davistown, NA",Large
1102,Montgomery Inc,"Danielside, SZ",Large
1103,"Rios, Evans and Foster","Hernandezland, ZA",Large
1104,"Garcia, Lopez and Santiago","New Jared, BB",Mid
1105,Bell Group,"Nicholaschester, KE",Startup
1106,Stevens-Foster,"Blairside, GH",Startup
1107,Sawyer PLC,"Bryceport, AO",Large
1108,Hurley-Scott,"West Christian, SO",Startup
1109,Black-Bennett,"Lake Toddmouth, IN",Mid
1110,Perez Group,"South Erikchester, GA",Large
1111,"Saunders, Bradford and Sharp","Port Meganstad, GW",Large
1112,Hudson-Gordon,"Port Erikaburgh, PG",Startup
1113,"Nelson, Maddox and Klein","Philipmouth, GQ",Large
1114,"Clark, Price and Dickson","Lake Misty, MZ",Mid
1115,Gonzalez PLC,"Campbellmouth, IN",Large
1116,Pierce Inc,"Collierchester, PH",Mid
1117,"House, Bond and Myers","West Cathy, PG",Large
1118,Johns Inc,"Rodriguezstad, GN",Mid
1119,"Matthews, Mcdowell and Reynolds","Port Jeffstad, MD",Startup
1120,Navarro-Costa,"Lawrenceton, BG",Startup
1121,Morris Inc,"Zunigaside, DM",Large
1122,"Miller, Pena and Spencer","East Timothy, BF",Startup
1123,"Davis, Sosa and Greene","North Kristafort, CV",Mid
1124,"Klein, Jordan and Lang","Scottport, SZ",Large
1125,"Valdez, Nguyen and Espinoza","Andreatown, SR",Mid
1126,Patterson-Salazar,"Port Nicholas, KW",Large
1127,"Thomas, Greene and Munoz","Lake Jaime, VA",Mid
1128,Torres Ltd,"Grahambury, BR",Mid
1129,"Young, Peterson and Wood","New Masonton, KI",Mid
1130,Reilly PLC,"Cabrerafort, GW",Mid
1131,Woods-Kelly,"Millerborough, AL",Startup
1132,Moss-Jackson,"Christopherton, TM",Mid
1133,Johnson and Sons,"Joneschester, LK",Startup
1134,Green Group,"Ramostown, BI",Startup
1135,Evans LLC,"Port Kelsey, KI",Mid
1136,Chambers PLC,"Johnberg, VC",Mid
1137,Conner-Young,"Port Amandaburgh, GA",Startup
1138,Morris LLC,"East Barrybury, GA",Large
1139,Hawkins-Valdez,"Roseton, VE",Startup
1140,Vance-Mcdowell,"Port Jessica, SG",Mid
1141,Wright LLC,"Sandrastad, IE",Large
1142,Silva LLC,"Lewisburgh, BF",Mid
1143,"Sanders, Rodriguez and Meyers","Port Kathyton, GQ",Large
1144,Allen Group,"Williamsville, MG",Startup
1145,Webb LLC,"Sylviaport, BS",Mid
1146,Harris-Brown,"East Kimberlyview, ME",Startup
1147,Stewart-White,"West Amber, HU",Large
1148,"Roberts, Ford and Davis","Hannahfort, LS",Mid
1149,"Garcia, Blake and Gardner","North Cassandraborough, FJ",Large
1150,Brown-Fisher,"Lake Ruthport, JM",Startup
1151,Hayes PLC,"South Michael, GE",Mid
1152,"Mccoy, Barnes and Mercado","New Richardburgh, PS",Startup
1153,Herrera and Sons,"East Michael, AO",Mid
1154,Smith-Hansen,"North Michellestad, ME",Startup
1155,"Goodman, Watson and Norman","Davidshire, ES",Large
1156,Bennett PLC,"West Jennifertown, NP",Mid
1157,Brady-Jones,"Jasonbury, HT",Large
1158,Walker and Sons,"New Amber, CL",Startup
1159,Bautista LLC,"Douglasberg, FM",Startup
1160,Church Ltd,"Jonathanland, FJ",Mid
1161,Smith LLC,"New Sandraland, ZM",Large
1162,"Acosta, Williams and Carter","Wrightland, ZW",Mid
1163,"Thornton, Pittman and Torres","Bowmanton, AG",Mid
1164,Palmer Group,"Samanthahaven, CA",Startup
1165,"Smith, Hancock and Bolton","Nicholasville, KN",Mid
1166,"Shaffer, Wright and Morgan","South Richardtown, KP",Mid
1167,Proctor Inc,"Jeffreystad, GW",Large
1168,"Ross, Barrera and Winters","East Seanview, GB",Startup
1169,"Hernandez, Collins and Smith","Lake Jessicaside, DJ",Mid
1170,"Nguyen, Shaffer and Thompson","South Danielle, TH",Startup
1171,"Nguyen, Brown and Edwards","Port Victoriaburgh, PG",Large
1172,Bartlett Group,"West Robin, PY",Large
1173,"Moran, Ellis and Vargas","New Sethtown, ZW",Mid
1174,"Porter, Hernandez and Hall","Ambertown, LV",Startup
1175,Hunter and Sons,"South Jasonville, RO",Large
1176,Moore Ltd,"Garyville, BZ",Mid
1177,Diaz-Gray,"West Justinside, KI",Mid
1178,Poole-Scott,"Kellyhaven, GQ",Startup
1179,"Bishop, Finley and Duran","South Meganfort, CZ",Mid
1180,Rivera Group,"Port Jennifer, CF",Mid
1181,Blanchard LLC,"North Robertberg, CL",Startup
1182,"Herman, Rivera and Gonzalez","East Jessica, PG",Mid
1183,"Mcmillan, Jensen and Olson","Rachelmouth, EG",Startup
1184,"Mcbride, Davenport and Kidd","Port Leahland, GQ",Mid
1185,"Lane, Diaz and Khan","Melaniemouth, RS",Startup
1186,Taylor LLC,"Lopezfurt, AD",Large
1187,"Moss, Simmons and Elliott","Matthewville, US",Large
1188,"Crane, Robles and Arias","New Michaelmouth, KR",Mid
1189,Martinez-Fuller,"Ruizbury, NZ",Startup
1190,Wood-Johnson,"Gailland, SK",Mid
1191,Martin Group,"Lake Nicole, GT",Large
1192,"Morrison, Wallace and Wade","East Cheryl, PG",Startup
1193,"Villa, Hall and Bishop","New Garytown, FI",Startup
1194,Kennedy-Davis,"East Jessicaport, CG",Mid
1195,Anderson Group,"Turnerville, AO",Mid
1196,"Price, Moore and Kidd","Rachelview, KH",Startup
1197,Carroll Group,"West Monica, TT",Startup
1198,Woods-French,"South Meagan, GQ",Startup
1199,"Miller, Gonzalez and Kelly","Kellyborough, PA",Startup
1200,Marquez and Sons,"Pooleview, NL",Large
1201,"Anderson, Lucas and Clements","West Bethanyshire, HU",Mid
1202,Williams LLC,"East Nicholeberg, DE",Startup
1203,Braun Inc,"Brooksbury, GE",Large
1204,"Williams, Carter and Wilson","Juliemouth, TR",Startup
1205,Howard-Farrell,"Fishershire, CN",Mid
1206,Richards-Adams,"Lake Kathleenville, AZ",Large
1207,Olson Group,"East Nicole, GA",Mid
1208,Montgomery-Castro,"South Michelebury, AO",Startup
1209,Cannon Group,"Port Andrew, AF",Startup
1210,Green-Freeman,"East Edwardtown, ME",Mid
1211,"Sullivan, Spencer and Holland","Thomasfurt, VA",Startup
1212,Barrett-Smith,"Jessicachester, MW",Mid
1213,Vargas-Rodriguez,"Debraton, GT",Startup
1214,Gaines-Vance,"Cervantesmouth, FM",Large
1215,"Brown, Fox and Stokes","Marcmouth, CN",Mid
1216,Sparks-Garrison,"New Andreastad, RO",Mid
1217,"Payne, Swanson and Silva","North Jamesside, YE",Mid
1218,Vargas-Edwards,"Adamtown, CH",Large
1219,Huynh PLC,"West Christopher, QA",Mid
1220,"Griffith, Ruiz and Jones","West Christina, BW",Startup
1221,Flowers Group,"New Robin, NR",Mid
1222,Deleon PLC,"North Brendaview, SE",Mid
1223,Mcintosh-Mitchell,"North John, YE",Mid
1224,Davies-Valentine,"Dixontown, BY",Large
1225,Collins Group,"Brandonville, FR",Mid
1226,Fields-Ramirez,"East Alexandratown, BT",Large
1227,"Christensen, Heath and Lopez","Mcdonaldview, TT",Startup
1228,Cross-Randall,"Brianshire, KE",Large
1229,Brewer-Bruce,"New Donnaville, AG",Mid
1230,"Henderson, Owens and Jones","Sullivanborough, TH",Startup
1231,Lee-Davis,"Gonzalesland, UZ",Startup
1232,Watson-Fernandez,"Mosesland, FJ",Startup
1233,"Benjamin, Jordan and Larsen","New Angelton, SM",Mid
1234,Moore LLC,"Willischester, ET",Startup
1235,"Wilson, Roberts and Frank","Port Amy, FJ",Large
1236,"Hernandez, Long and Hutchinson","Hayesport, CH",Startup
1237,"Huffman, Larson and Bryant","South Devinburgh, GM",Startup
1238,"Perry, Ford and Watson","Leeville, IR",Startup
1239,Coffey Ltd,"Port Aprilhaven, MD",Large
1240,Lewis-Suarez,"New Brandonfurt, TJ",Large
1241,Dominguez Ltd,"Gillbury, LR",Mid
1242,Bennett-Peck,"Port Ernest, PY",Large
1243,Jones and Sons,"New Loriberg, OM",Large
1244,Benton-Dunn,"Justinmouth, BF",Startup
1245,Martin and Sons,"South Lauraport, MC",Large
1246,"Washington, Allen and Watts","Kyliehaven, UY",Startup
1247,"Bauer, Hayden and Reynolds","Matthewland, FI",Large
1248,Williams-Hamilton,"West Sierra, LT",Mid
1249,Walters LLC,"Lake Rodneyfort, BF",Startup
1250,"Davis, Hanson and Gaines","Lake Phyllisburgh, MY",Mid
1251,"Garcia, Smith and James","Lake Gregoryshire, CD",Mid
1252,Williams PLC,"Vanessafurt, TG",Large
1253,Powell Ltd,"New Donaldmouth, BG",Mid
1254,Bell-Miles,"East Heather, MX",Mid
1255,Cohen-Gardner,"Bairdmouth, BF",Large
1256,"Smith, Shepherd and Dawson","East Matthew, KW",Startup
1257,Dennis-West,"West Carolberg, KW",Mid
1258,"Cortez, Kirby and Harris","North George, LC",Startup
1259,Martin and Sons,"Mitchelltown, GE",Mid
1260,Jones-Romero,"Coxstad, PE",Mid
1261,"Mercer, Robinson and Rhodes","Jacksonborough, BH",Large
1262,White-Gomez,"Carlaton, BR",Large
1263,Morgan-Phillips,"Rodriguezchester, SK",Mid
1264,Bailey-York,"Brittanymouth, ME",Large
1265,Rodriguez-Walters,"Travistown, PS",Mid
1266,Ortiz PLC,"Rochastad, BB",Large
1267,Green-Moore,"East Valerieville, KE",Startup
1268,"Underwood, Scott and Norris","Davisville, GQ",Mid
1269,Gonzalez-Gordon,"Jodyville, BA",Large
1270,Gilmore Group,"North William, FJ",Large
1271,Scott-Jones,"Haneyview, KR",Large
1272,Johnson-Peters,"North Daniel, AZ",Startup
1273,"Black, Baker and Sanchez","West Josebury, IS",Startup
1274,Durham Ltd,"Lake Marychester, CU",Startup
1275,Lee LLC,"South Feliciafurt, SA",Mid
1276,Lindsey LLC,"West Lauren, FM",Startup
1277,"Miller, Garcia and Juarez","Port Kevin, TV",Mid
1278,Matthews and Sons,"Port Crystal, SN",Large
1279,Cannon-Phelps,"Lake Danielle, IE",Startup
1280,Anderson PLC,"Sandovalberg, BY",Mid
1281,Brady and Sons,"Stewartfort, AM",Large
1282,Johnson Inc,"West Jason, CU",Startup
1283,"Gonzalez, Burnett and Alexander","North Paulburgh, BF",Startup
1284,Morris-Lee,"West Eric, ZA",Startup
1285,Baxter and Sons,"West Carolynside, TN",Startup
1286,"King, Hatfield and Small","Wheelerview, BZ",Startup
1287,"Bailey, Chavez and Green","East Marcus, TH",Large
1288,"Daniels, Lambert and Porter","Tylerberg, CU",Large
1289,Casey Ltd,"Priceland, TL",Startup
1290,"Williams, Robinson and Scott","Parkborough, BI",Startup
1291,Palmer Group,"Port Amyberg, CD",Large
1292,Brooks Group,"New Jerome, CY",Startup
1293,"Martinez, Nelson and Hernandez","Port Justin, RW",Startup
1294,Sanchez Ltd,"North Nicoleland, AF",Mid
1295,Riley Ltd,"Williamside, ST",Startup
1296,Hunter Inc,"Lindabury, HN",Large
1297,"Day, Jones and Castillo","North Carolfurt, MM",Mid
1298,"Tran, Williams and Ochoa","Lake Micheal, SC",Large
1299,"Deleon, Fuller and Hall","Parrishburgh, OM",Mid
1300,"Pierce, White and Poole","Port John, LU",Startup
1301,Johnson LLC,"Zacharyberg, PG",Startup
1302,Tucker LLC,"East Justin, FJ",Large
1303,"Washington, Kirby and Kennedy","Lake Bryan, CD",Large
1304,Mills LLC,"New Sonya, FJ",Startup
1305,Stewart Inc,"Bradleystad, KI",Startup
1306,Mckay-Patton,"Kimfurt, MW",Large
1307,Cooley LLC,"East Jasonfort, MU",Mid
1308,Williams PLC,"South Latoya, CV",Startup
1309,"Carlson, Taylor and Johnson","Scottmouth, NP",Startup
1310,Price LLC,"Brittanyborough, GN",Startup
1311,Adams and Sons,"Port Judyside, SL",Large
1312,Roberts Ltd,"East Charles, CL",Startup
1313,"Johnson, Fuller and Rogers","New Antoniomouth, VN",Startup
1314,Morgan PLC,"Martinchester, SO",Startup
1315,Evans PLC,"West Karen, LI",Mid
1316,Young-Flores,"North Debbie, DJ",Large
1317,"Howard, Owens and Coleman","Hollowayfort, QA",Large
1318,Jefferson-Cooper,"Marissabury, AO",Startup
1319,"Mosley, Schultz and Wilson","Roseland, IT",Large
1320,"Collier, Houston and Brown","Adrianstad, SG",Large
1321,Raymond-Powell,"Alexchester, GT",Large
1322,Booth-Gibbs,"Michaelchester, BR",Mid
1323,Henderson-Lewis,"Nelsonbury, AE",Startup
1324,Rhodes PLC,"West Laura, SE",Startup
1325,"Yang, Wyatt and Jackson","Fitzgeraldmouth, TL",Mid
1326,Ortiz-Hogan,"Port Kellieview, FR",Large
1327,Morgan-Kelly,"Fryeside, UZ",Mid
1328,Kelly-Conrad,"Lake Kevinmouth, SE",Large
1329,"Briggs, Chase and Thompson","Claudiaberg, DZ",Large
1330,Payne-Reese,"Campbellville, BS",Large
1331,"Mullins, Black and Ferrell","North Donald, TL",Mid
1332,"Williams, Johnson and Williams","Charlesberg, DO",Large
1333,"Vega, Trujillo and Sanchez","East Lauraland, QA",Large
1334,Parker Group,"North Kelly, SI",Mid
1335,"Miranda, Gonzalez and Long","New Brettburgh, BR",Large
1336,"Franklin, Saunders and Gray","Lake Kaitlyn, BH",Large
1337,"Smith, Montes and Rodriguez","Johnborough, IR",Mid
1338,"Klein, Mason and Edwards","Carlsonside, KR",Startup
1339,Mcbride-Harrison,"East Angelaville, DM",Large
1340,Brown-Shaffer,"East Kimberlystad, LK",Mid
1341,"Mcintyre, Bradley and Scott","Lake Pamelafurt, BB",Mid
1342,Harris-Miller,"New Matthew, GM",Large
1343,Meadows PLC,"Hendrickstown, UG",Large
1344,"Crawford, Perry and Reynolds","East Alexisbury, MC",Startup
1345,Taylor PLC,"Murrayton, ST",Large
1346,"Herring, Smith and Fletcher","Monroemouth, GQ",Large
1347,Howard-Johnson,"Westville, ZA",Mid
1348,Kidd PLC,"Madisonstad, BT",Large
1349,Mccoy Inc,"North Donnaside, FM",Mid
1350,"Riddle, Costa and Morris","Leeton, ZA",Large
1351,Allen-Middleton,"North Shannon, QA",Startup
1352,"Walker, Parks and Ray","Sheltonburgh, DE",Large
1353,"Lee, Roberts and Jones","West Nathan, AF",Startup
1354,"Cox, Jacobson and Gillespie","Delgadomouth, ID",Mid
1355,Stevenson-Flores,"East Kelli, TZ",Large
1356,Fisher Inc,"Copelandfort, WS",Startup
1357,Santos and Sons,"Desireestad, MG",Startup
1358,Washington Group,"Jasonstad, RW",Startup
1359,Hoffman LLC,"West Sarahborough, KG",Startup
1360,Suarez LLC,"Hodgesborough, ER",Large
1361,Green Ltd,"Gordontown, CA",Startup
1362,Fischer-Guzman,"North James, UA",Large
1363,Powell-Hall,"Ortizside, PK",Startup
1364,Price-Johnson,"Leestad, DE",Startup
1365,"Boyle, Griffin and Mitchell","Michaelport, GW",Startup
1366,"Gould, Owen and Hahn","South Steven, NE",Startup
1367,Fox Inc,"Wheelerborough, VC",Large
1368,"Martin, Morrison and Woods","South Veronicaberg, AD",Large
1369,"Thornton, Johnson and Coleman","Daltontown, GD",Mid
1370,Nelson PLC,"North Linda, BG",Mid
1371,"Peters, Martin and Gonzalez","South Jeremyborough, MM",Mid
1372,Holmes-Palmer,"West Melanie, SG",Large
1373,"Bass, Carpenter and Bishop","West Rebeccachester, BE",Startup
1374,Robinson Inc,"East Laurie, GH",Large
1375,Moore-Ross,"Waltersfurt, KZ",Mid
1376,Hernandez-Schneider,"South Ravenfurt, TW",Large
1377,Singleton-Morris,"East Alyssahaven, ML",Mid
1378,"Smith, Barnett and Robles","Martinezburgh, IN",Mid
1379,"Anderson, Perez and Harrison","East Daniel, JM",Large
1380,Woodard-Jones,"East Michael, CI",Mid
1381,"Taylor, Randolph and Robinson","Derekton, AL",Large
1382,"Scott, Nguyen and Gomez","West Austinbury, SC",Startup
1383,"Stephens, Barnes and Howard","Lake Meganchester, CY",Startup
1384,Young-Cook,"North Stephen, LV",Large
1385,Perez-Mills,"Vanessamouth, ID",Startup
1386,"Torres, Williams and Ramos","New Stephanieside, LI",Startup
1387,Mosley-Ferrell,"Paulberg, NE",Mid
1388,Roman Inc,"Lake Vanessashire, MW",Mid
1389,Johnson-Bell,"Toddfurt, LT",Startup
1390,"Macias, King and Sanchez","South Jesus, NL",Startup
1391,Franco and Sons,"North Amanda, JO",Startup
1392,"Villa, Fowler and Oneill","New Jacob, CZ",Startup
1393,Cervantes-Parker,"Lake Jessicamouth, CH",Large
1394,Gonzalez Inc,"West Brian, VU",Large
1395,Suarez LLC,"North Richardburgh, HR",Mid
1396,"Cox, Taylor and Kent","New Jamesside, TJ",Mid
1397,Blanchard-Rodriguez,"South Corey, LY",Large
1398,"Schmitt, Terry and Ramirez","Petersonstad, MX",Mid
1399,Nixon-Martinez,"Jacksonfurt, EC",Startup
1400,Jenkins Ltd,"New Jessicaburgh, SE",Mid
1401,"Grant, Rosario and Williams","Lake Ryanville, AZ",Large
1402,"Rogers, Nixon and Martinez","New Lauren, OM",Large
1403,Carter-Lang,"Millerburgh, ZA",Mid
1404,"Moss, Salazar and Stanley","Kimberlyfurt, HN",Mid
1405,Carlson-Allen,"New Kristinatown, GD",Mid
1406,Robertson-Alvarez,"Lake Jacquelineside, SD",Large
1407,Gutierrez-Solomon,"West James, FJ",Startup
1408,Holland PLC,"Michealburgh, BW",Mid
1409,"Gonzalez, Wilson and Barnett","Rogersstad, SL",Startup
1410,Tran and Sons,"Lake Jonathanhaven, SE",Mid
1411,"Pena, Figueroa and Gregory","West Christophermouth, UZ",Startup
1412,Perez-Wilkins,"Lake Alice, TO",Startup
1413,Morales-Wallace,"Faulknerfort, SL",Large
1414,Steele-Hansen,"North Jaclynview, JM",Startup
1415,"Martin, Love and Gonzalez","Port Michael, CI",Large
1416,Wood PLC,"South Javierport, GB",Large
1417,Watson and Sons,"Port Timothyhaven, MR",Startup
1418,"Martinez, Frye and Murray","Zamorafort, BY",Startup
1419,Austin-Garza,"Landryburgh, BO",Mid
1420,Cook-Francis,"Bridgesberg, AZ",Startup
1421,Frank-Graham,"South Derrick, BT",Startup
1422,Miller Inc,"Alishire, YE",Startup
1423,Hughes Group,"Susanville, JO",Startup
1424,Wallace LLC,"Williefort, SE",Large
1425,"Little, Bishop and Silva","Hubbardville, RU",Large
1426,Randall-Lewis,"Lake Debbie, DZ",Large
1427,Jones PLC,"Lake Melissaburgh, NP",Mid
1428,"Diaz, Thomas and Hahn","North Cody, QA",Startup
1429,Strickland-Oliver,"Kimberlyland, SN",Mid
1430,Bartlett-Long,"New Chrisport, MC",Large
1431,"Martin, Reeves and Holt","Carolport, WS",Mid
1432,Roth-Caldwell,"Brownmouth, SA",Startup
1433,"Cherry, Hernandez and Powell","Carrollbury, TG",Startup
1434,Ross-Harris,"East Austinchester, GT",Mid
1435,Riley-Little,"South Rachel, MU",Startup
1436,"Bell, Boyer and Thompson","Stevehaven, VC",Mid
1437,"Carter, Green and Page","Port Breannastad, DJ",Startup
1438,Fernandez-Campos,"Virginiaside, SA",Mid
1439,"Smith, Austin and Robinson","Jenniferland, PS",Large
1440,Graham-Cox,"Suzanneton, GQ",Startup
1441,"Blake, Chen and Barnes","Davidmouth, AR",Startup
1442,Wilson-Anderson,"South Alexton, IQ",Startup
1443,"Allison, Jensen and Wilson","West Larrybury, GB",Startup
1444,Smith PLC,"West Gerald, SV",Mid
1445,Rose-Knight,"Marcustown, TL",Large
1446,Castro-Carpenter,"East Jonathanville, CF",Large
1447,Wilson PLC,"Lake Patrickmouth, SG",Startup
1448,Hodges-Johnson,"Robersonport, DO",Startup
1449,Alvarado PLC,"Lake William, FI",Startup
1450,"Brown, White and Alvarado","Loweland, CN",Startup
1451,Flores-Lee,"Catherineshire, BG",Startup
1452,"Sexton, Woods and Allen","West Ruth, NZ",Mid
1453,Robinson Ltd,"West Michael, BS",Startup
1454,Williams-Cooper,"North Kelly, JO",Startup
1455,Garcia-Moss,"North Jay, AG",Startup
1456,"Lopez, Kelley and Davis","West Robertfort, NR",Startup
1457,Hunter Inc,"Adamfort, PK",Mid
1458,Bush Inc,"New Christophermouth, MC",Startup
1459,"Martin, Joseph and Baldwin","North Jamiestad, CA",Large
1460,Kelly and Sons,"Taylorchester, VE",Startup
1461,Wheeler LLC,"Wellsport, SL",Startup
1462,"Moore, Smith and Obrien","West Chad, GY",Startup
1463,"Perez, Rangel and Pugh","Jeremyshire, CI",Mid
1464,Martinez-Williams,"Christopherfort, BJ",Large
1465,Klein-Williams,"Amberchester, AU",Startup
1466,Vazquez and Sons,"Porterland, UZ",Large
1467,"Calderon, Kelly and Velasquez","West Drew, MU",Mid
1468,Johnson-Rivas,"North Lauren, LU",Startup
1469,"Lee, Huerta and Mcclain","New Benjamin, NO",Mid
1470,Wilson LLC,"Stacyview, AO",Mid
1471,Beck-Miller,"Bushport, SC",Startup
1472,Dominguez LLC,"New Austin, CN",Mid
1473,Ruiz-Smith,"Jennifershire, ES",Mid
1474,Johnson LLC,"West Samanthamouth, VU",Large
1475,"Gonzalez, Smith and Rice","Port Robert, CG",Mid
1476,"Trevino, Adams and Carroll","East Jocelynfort, HN",Startup
1477,"Ellis, Jones and Grant","Johnbury, TR",Large
1478,Griffin and Sons,"Ronaldbury, LA",Large
1479,Crawford Ltd,"Ericfurt, NO",Startup
1480,"Bell, Ruiz and Hull","Michaeltown, PW",Large
1481,Wilkerson LLC,"Jenniferbury, DJ",Startup
1482,Davis-Owen,"Nicholaston, MN",Startup
1483,Fry Inc,"North Melanie, SG",Startup
1484,Myers PLC,"West Denise, SZ",Startup
1485,Rosales Ltd,"Mitchellview, CO",Mid
1486,"Wilkerson, Chase and Rivera","Torresport, IL",Mid
1487,Clark Ltd,"North Cassandraville, SI",Startup
1488,Holt-Wells,"Bryanshire, JM",Startup
1489,Larson Ltd,"Carterton, BN",Mid
1490,Ray-Edwards,"Port Krista, BZ",Mid
1491,"Roth, Johnson and Cummings","Brianfurt, RO",Large
1492,Powell-Parker,"West Jeffreyburgh, CR",Startup
1493,Montoya Inc,"Simmonsfurt, GT",Mid
1494,"Allen, Hernandez and Salazar","East Anthony, HU",Large
1495,Miller-Salazar,"Mccoyfort, BB",Mid
1496,"Klein, Brown and Wallace","Markside, UY",Large
1497,"Kim, Farrell and Tucker","New Julie, KZ",Large
1498,Mckee-Brown,"Zacharyside, HR",Mid
1499,"Campbell, Winters and Glover","Haroldside, SN",Large
1500,Hart LLC,"Lake Grace, ID",Startup
1501,Burns-Guzman,"South Stacymouth, KP",Large
1502,"Craig, Ortiz and Gross","Garyfurt, PK",Large
1503,Mccormick Group,"Julieton, NL",Large
1504,Ortiz and Sons,"East Nancy, PG",Mid
1505,"Guzman, Peterson and Perry","North Mikayla, BZ",Large
1506,Vazquez-Davis,"North Emilyton, PT",Startup
1507,Gross PLC,"Billyton, LS",Large
1508,Lee-Johnson,"Rachelside, MM",Startup
1509,Kelly Group,"East Robertmouth, SO",Mid
1510,Johnson-Guzman,"Elizabethbury, VE",Startup
1511,Schneider-Barnett,"Jenniferfurt, SN",Mid
1512,"Evans, Le and Gomez","Phyllisburgh, BS",Startup
1513,Wade PLC,"Greenmouth, VC",Large
1514,Figueroa LLC,"East Nathan, MV",Startup
1515,Marshall LLC,"Peterville, SM",Large
1516,"Browning, Sanchez and Elliott","Spearshaven, RU",Large
1517,"Thompson, Baker and Ortega","Parkerfort, IT",Mid
1518,"Bailey, Wilson and Fry","South Michael, KM",Startup
1519,"Gallagher, Montes and Rowe","New Brian, KH",Mid
1520,"Chan, Miller and Meyer","Lake Michele, AU",Mid
1521,Boyd PLC,"Johnsonport, BT",Large
1522,Evans Group,"South Jonathanhaven, PL",Mid
1523,Martin-Torres,"Michaelport, KW",Startup
1524,"Gross, Rivera and Gutierrez","Olivermouth, NG",Startup
1525,Holland LLC,"Stewartborough, LV",Mid
1526,"Novak, Clark and Sullivan","Robinview, NZ",Mid
1527,Hall PLC,"Ryanshire, TL",Startup
1528,Gamble-Cardenas,"Kristenside, ZM",Large
1529,"Sutton, Mcdonald and Vang","Jessicafort, MR",Large
1530,Foster and Sons,"Katelynstad, JM",Mid
1531,Myers Group,"Williamburgh, KI",Mid
1532,Davis-French,"New Miranda, YE",Large
1533,"Rivera, Kennedy and Smith","East Debraport, GT",Large
1534,"Romero, Clark and Williams","East Josephland, KM",Startup
1535,Wong-Miller,"Lake Joseph, DO",Large
1536,"Franco, Green and Green","Michelleborough, AT",Mid
1537,Gould Inc,"North Amber, CH",Large
1538,"Page, Garrett and Little","South Kelly, ZA",Mid
1539,Moore LLC,"West Gregory, MC",Large
1540,Schaefer-Mcbride,"South Kurtberg, VC",Mid
1541,Wallace and Sons,"Meganmouth, SA",Mid
1542,"Le, Morris and Hernandez","Ralphbury, PA",Startup
1543,"Johnson, Gomez and Neal","East Elizabeth, TO",Large
1544,Campbell-Yu,"New Nicholas, GN",Large
1545,"Martinez, Gonzalez and Rasmussen","Gregorytown, QA",Startup
1546,"Gonzalez, Roth and Gilbert","Espinozaside, NG",Large
1547,"Brown, Morris and Young","West Alicia, EC",Large
1548,Avila-Johnson,"Marshallfort, IT",Startup
1549,Lynch and Sons,"Dennisland, BS",Startup
1550,Haynes-George,"Port Jeremiahshire, BT",Mid
1551,Fowler-Stewart,"Taylorfort, KP",Large
1552,"Powell, Ruiz and Smith","Adkinshaven, CZ",Mid
1553,"Richardson, Rojas and Patton","East Carolinehaven, IE",Mid
1554,Patterson-Green,"Mooreland, NZ",Startup
1555,Conner-Rivera,"Lake Andrewchester, DJ",Large
1556,Johnson-Murphy,"North Joshuahaven, DO",Mid
1557,"Freeman, Williams and Thomas","Barajaston, DZ",Large
1558,Reilly PLC,"Bennettfurt, IQ",Startup
1559,"Sosa, Whitney and Dickerson","Williamshire, TJ",Startup
1560,Johnson PLC,"Jenniferburgh, SC",Mid
1561,Rosales-Peterson,"Gonzaleshaven, MR",Large
1562,"Salazar, Wiggins and Campbell","North Alexandra, MZ",Large
1563,Torres PLC,"Rodriguezmouth, AE",Mid
1564,"Zuniga, Coleman and Guzman","South Jamesstad, GT",Mid
1565,Oliver-Miller,"Sarahton, ER",Mid
1566,"Mullins, Butler and Moses","South Jason, PG",Large
1567,"Roberson, Dunlap and Todd","New Samanthaberg, BD",Large
1568,Hammond-Miles,"Lake Brianna, ET",Large
1569,"Walls, Young and Cook","New Nicole, AZ",Startup
1570,Henderson-Douglas,"Larsenport, FM",Mid
1571,Waters Group,"Lewiston, HN",Large
1572,"Evans, Keller and Macdonald","Sanchezland, LI",Large
1573,"Smith, Smith and Calhoun","Jamesburgh, LS",Startup
1574,Holmes Inc,"Bendershire, AG",Startup
1575,Gordon-Bradley,"Higginsview, NI",Mid
1576,Garrison-Rosales,"New Henryshire, TZ",Startup
1577,Beasley LLC,"Port Christinaburgh, TN",Mid
1578,"Miller, Harris and Johnson","Jessicaport, WS",Mid
1579,"Miller, Hahn and Jackson","Marquezchester, SL",Mid
1580,Smith-Mcintyre,"North Sheilaville, IN",Startup
1581,Martinez Inc,"West Morgan, ST",Mid
1582,Jones-Robertson,"Lake Charles, DM",Mid
1583,Schneider-Watson,"Rosston, PY",Startup
1584,"Thompson, Castillo and Farrell","North Jennifer, NA",Startup
1585,Acevedo Ltd,"North Martin, AU",Startup
1586,"Flynn, Arellano and Porter","Reesebury, RO",Mid
1587,Harper and Sons,"South Roystad, TR",Startup
1588,Molina-Dixon,"Lake Eric, CD",Startup
1589,"Baker, Smith and Phillips","Lake Christopher, LA",Mid
1590,"Robertson, Miller and Watson","Cynthiamouth, NE",Mid
1591,"Bowman, Sutton and Richmond","Ericburgh, BR",Mid
1592,Moore-Wood,"South Christopherchester, MG",Large
1593,"Lee, Mitchell and Neal","New Shane, MM",Mid
1594,"Burton, Reynolds and Dougherty","East Monicastad, YE",Startup
1595,Kelly Ltd,"South Brett, ML",Mid
1596,"Thompson, Morris and Griffin","Michaelside, TV",Startup
1597,Carr Inc,"Browntown, KR",Large
1598,"Townsend, Strickland and Rodriguez","East Michael, MD",Startup
1599,Pineda Inc,"Lauriehaven, CV",Large
1600,Hudson and Sons,"East Keithview, AR",Large
1601,Miller-Burton,"West Kennethton, PA",Startup
1602,Murillo Inc,"Jonesburgh, BH",Mid
1603,Alvarez-Butler,"North James, HT",Mid
1604,Glenn-Brady,"North Dakota, TW",Startup
1605,Bryant-Martin,"East John, NR",Startup
1606,Bailey PLC,"Port Elizabeth, SY",Startup
1607,"Swanson, Young and Martin","East Alexis, LK",Mid
1608,Hancock-Wiggins,"North Adamburgh, AO",Startup
1609,Mcconnell Ltd,"New Allisonshire, MN",Startup
1610,Patton and Sons,"Jacktown, TW",Startup
1611,Gray-Dixon,"West Maria, ML",Startup
1612,"Miller, Casey and Gray","South Michael, CD",Mid
1613,Andersen Inc,"Smithbury, BT",Mid
1614,"Bernard, Henry and Zamora","Breannahaven, MA",Startup
1615,Frost Ltd,"Vazquezton, BH",Startup
1616,Lewis Group,"Williamland, KN",Startup
1617,"Tucker, Strong and Bond","Wilsonmouth, PW",Large
1618,Livingston-Phillips,"Knightstad, BD",Startup
1619,Snyder Group,"Jenniferburgh, AE",Large
1620,"Herman, Johnson and Barnes","Maciasfort, LR",Large
1621,Perez-Bailey,"Santiagoshire, PH",Mid
1622,"Summers, Swanson and Brown","West Cynthiaburgh, AD",Startup
1623,Schmidt-Payne,"Kyleside, JP",Startup
1624,"Ortiz, Hill and Anderson","West Cynthiaton, SM",Startup
1625,Dalton-Galloway,"East Priscilla, DO",Mid
1626,Brown-Garcia,"Dillonville, TL",Mid
1627,"Ramirez, Morrison and Shaffer","East Bobbymouth, LU",Mid
1628,Fisher LLC,"Changview, CU",Mid
1629,Barnes-Gonzalez,"New Cameron, IR",Mid
1630,"Mann, Taylor and Martin","Wendytown, KR",Startup
1631,Bush and Sons,"Robertstown, GA",Startup
1632,"Callahan, Sullivan and Flynn","Port Jennifer, ES",Large
1633,Joseph-Romero,"Kristenberg, AL",Startup
1634,"Singh, Shannon and Castaneda","West Justin, IN",Mid
1635,"Johnson, Sweeney and Hall","Lindachester, PA",Startup
1636,Wu Inc,"Barnesfurt, SV",Large
1637,Lopez-Williams,"North Mark, IN",Mid
1638,Hughes-Figueroa,"Castilloborough, CH",Mid
1639,"Randall, Grant and Rosario","Kimberlyfort, BJ",Startup
1640,Griffith Ltd,"Johnstad, ET",Mid
1641,"Smith, Woods and Tucker","South Dylanmouth, SY",Mid
1642,Frazier Inc,"North Joel, PG",Large
1643,"Torres, Campbell and Krause","East Hollyfurt, AR",Large
1644,Snyder Group,"North Susan, SG",Mid
1645,Lucas-Morris,"Jordanshire, PS",Mid
1646,Martinez-Weaver,"Lake Valerie, IN",Large
1647,Mendez and Sons,"Jonesbury, PA",Mid
1648,"Johnson, Wright and Quinn","North Brian, FI",Startup
1649,"Mitchell, Collins and Collins","Cobbtown, SZ",Large
1650,Williams-Torres,"Port Tiffanystad, DO",Startup
1651,Martinez Group,"Gabriellaborough, HT",Startup
1652,Weaver-Mcdonald,"West Richard, SV",Mid
1653,Cook-Jarvis,"Jayton, GB",Large
1654,Moreno-Sanchez,"Fosterville, TT",Mid
1655,Kline Group,"Lake Donaldstad, NP",Mid
1656,Brown and Sons,"Lake Chris, AO",Startup
1657,Quinn Group,"East Michael, UY",Large
1658,Mills-Mitchell,"Bryantton, CO",Large
1659,"Andrews, Sanchez and Carroll","Anthonyberg, DM",Large
1660,Smith and Sons,"Meyermouth, GN",Large
1661,Smith-Hall,"South Dustinbury, BY",Large
1662,"Anderson, Tucker and Phillips","Jenniferborough, CO",Large
1663,Kirk-Meyers,"New Jose, ET",Mid
1664,Bishop-Contreras,"South Ronaldfurt, BB",Startup
1665,"Poole, Ramirez and Sims","East David, BW",Mid
1666,Sandoval Ltd,"Williamsville, EG",Startup
1667,Skinner Inc,"Port James, BS",Startup
1668,"Kelly, Pace and Rodriguez","Esparzaberg, SY",Mid
1669,Hunt-Phillips,"New Emily, DJ",Large
1670,Edwards-Jones,"Stephanieside, KG",Large
1671,"Williams, Glass and Benson","Matthewburgh, GB",Large
1672,"Jackson, Carrillo and Anderson","Dustinborough, LT",Startup
1673,Richardson and Sons,"Lake Austin, AT",Startup
1674,"Weber, Thompson and Williams","Valenciafort, RW",Large
1675,"Lee, Scott and Franco","Shawnfurt, LK",Mid
1676,Wright Group,"Josephville, MW",Large
1677,Daniels and Sons,"Shannonhaven, MY",Startup
1678,"Taylor, Hodges and Martinez","Charlesville, VA",Large
1679,Hanson-Weeks,"Wilsonberg, PA",Large
1680,Barton-Kirby,"West Aliceberg, LV",Large
1681,Johnson Inc,"Rioston, AF",Large
1682,"Schmitt, James and Campbell","Port Joanne, AZ",Large
1683,Yates-Brown,"Port Samuel, IQ",Startup
1684,"James, Wagner and Johnson","Stevenmouth, MK",Mid
1685,Cummings-Reyes,"Port Mindyborough, SI",Mid
1686,Bishop Ltd,"Cartershire, DK",Large
1687,Daniels-Jones,"Olsontown, MK",Startup
1688,Reed-Wilson,"Edgarhaven, MX",Large
1689,Smith-Moore,"Gabrielport, TT",Mid
1690,Briggs-House,"South Brandon, MG",Large
1691,"Chen, Moore and Ray","Lewisville, SZ",Startup
1692,Torres-King,"East Bryanton, KP",Large
1693,"Johnson, Espinoza and Ali","Cynthialand, ZM",Startup
1694,Blackwell Ltd,"Stevenberg, SM",Startup
1695,Day-Mckee,"Amytown, TD",Large
1696,Ellis LLC,"Lake Michaelberg, IN",Mid
1697,Good-Gordon,"South Anthonymouth, HR",Large
1698,Taylor Ltd,"East Andrew, OM",Mid
1699,Walker LLC,"Port Matthew, VN",Large
1700,"Simpson, Davis and Higgins","Cassidybury, MU",Startup
1701,Simpson Group,"Arnoldmouth, NE",Startup
1702,"Klein, Ward and Cooper","Huntville, HN",Large
1703,Horton-Collins,"Georgemouth, UZ",Large
1704,"Johnson, Oconnell and Williams","Lake Bradley, AU",Large
1705,"Powers, Lewis and Stewart","Andrewview, NA",Large
1706,"Foley, Green and Farley","Port Ashlee, LI",Startup
1707,Smith-Fernandez,"South Ruthview, CI",Mid
1708,"Smith, Tapia and Jones","East Martin, GB",Mid
1709,Sanchez Ltd,"Port Anna, PG",Startup
1710,Floyd Ltd,"Clarkefort, MD",Large
1711,Clark-Holloway,"Karenland, AL",Mid
1712,Johnson Ltd,"Sosaview, CI",Startup
1713,Fox-Cochran,"South Marymouth, UG",Startup
1714,"Villarreal, Ellis and Crane","New Williamshire, LI",Mid
1715,"Fox, Davis and Houston","Gregoryborough, TN",Large
1716,Nash-Perry,"Thomasberg, MZ",Mid
1717,Murphy and Sons,"West Vernon, LA",Startup
1718,Bailey Inc,"Johnsonburgh, HR",Large
1719,Wright PLC,"South James, JM",Mid
1720,Grimes-Cruz,"West Nicolefurt, US",Large
1721,"Spence, Mcconnell and Fleming","Garrettville, NR",Large
1722,Rush Inc,"North Mary, BA",Mid
1723,Davis PLC,"Lake Paulside, TH",Mid
1724,Beard Group,"Williamchester, BG",Mid
1725,Johnson-Marshall,"New Timothy, KG",Startup
1726,Adams and Sons,"Duncanhaven, KH",Mid
1727,"Baker, Lawson and Newton","Perezstad, PW",Startup
1728,Chandler Group,"New Abigail, SD",Large
1729,Hensley LLC,"Johnstad, CH",Mid
1730,"Burke, Mitchell and Wright","Flemingmouth, TM",Large
1731,Hernandez Ltd,"New Nicoleview, KM",Startup
1732,Meadows and Sons,"New Michaelland, IR",Startup
1733,Barr PLC,"New Chaseberg, PK",Startup
1734,Marshall Inc,"Port James, IE",Mid
1735,"Steele, Sherman and Liu","Stuartchester, PS",Large
1736,"Crane, Johnson and Robinson","Ericside, BI",Startup
1737,Ferguson PLC,"Johnsonmouth, TN",Large
1738,Marshall Group,"Zacharyside, PG",Startup
1739,"Williams, Brown and Howard","Owensborough, GE",Large
1740,"Miller, Waters and Clark","Lake John, CO",Mid
1741,Montgomery Inc,"West Coreyton, VE",Large
1742,Middleton and Sons,"Lake Melissa, LY",Mid
1743,Allen Ltd,"Cantrellmouth, AE",Mid
1744,Scott-Norris,"Lauramouth, FR",Startup
1745,Ramos Ltd,"West Tyler, CN",Large
1746,Daniel-Williams,"West Raymondshire, SK",Mid
1747,Lowery-Henry,"Jacobschester, KH",Startup
1748,"Gutierrez, Salazar and Rowe","West Scott, ER",Large
1749,Parker Ltd,"West Amandafort, AR",Startup
1750,"Montes, Graham and Leach","Lake Michelle, CH",Startup
1751,"King, Stevens and Schmidt","Donnaton, AD",Large
1752,Barron-Zuniga,"Stevenstad, SD",Large
1753,"Caldwell, Silva and Edwards","Lake Keith, RO",Mid
1754,Bell and Sons,"Lake Kathy, HR",Startup
1755,Lee Inc,"Allenchester, NI",Startup
1756,Schroeder Group,"East Kevinfurt, CY",Large
1757,Fields PLC,"South Bethhaven, BT",Large
1758,"Hawkins, Holland and Peters","Lake Nicoleberg, FM",Mid
1759,Robertson and Sons,"East Christine, BW",Large
1760,"Harrison, Marquez and Bailey","Nunezmouth, UY",Startup
1761,Chen-Erickson,"Williamsmouth, GT",Startup
1762,Copeland-Mitchell,"Bradleyport, AR",Large
1763,"Marsh, Foster and Taylor","Kathyside, SK",Large
1764,Benson PLC,"West Angelastad, FJ",Startup
1765,"Williams, Thomas and Mueller","New Stacybury, UZ",Startup
1766,"Bartlett, Hodge and Jones","Lake Jordan, GD",Startup
1767,Baldwin LLC,"Comptonstad, UA",Mid
1768,Mcbride Inc,"Lake Joshuabury, LB",Mid
1769,Colon LLC,"Lake Brian, ZM",Startup
1770,"Ashley, Boone and Stein","Jasminville, SA",Large
1771,"Wilson, Taylor and Watts","Lake Edward, IE",Startup
1772,Hodge-Fernandez,"New Alanville, BB",Startup
1773,"Roman, Moody and Larson","Port Alisonville, AT",Large
1774,Waller-Buchanan,"North Jonathan, MN",Startup
1775,Lane-Vaughn,"Maryville, GQ",Large
1776,"Shaffer, Jones and Weaver","Port Melissa, KE",Mid
1777,Wilkinson Ltd,"Port Sabrinaburgh, KI",Startup
1778,Gomez PLC,"West Rhondabury, ES",Startup
1779,Gray-Thompson,"Jenniferfurt, RW",Mid
1780,"Rubio, Lutz and Sanders","Trevinobury, IL",Large
1781,Avila LLC,"North Dominicmouth, MY",Startup
1782,Phillips Inc,"Davidberg, SZ",Mid
1783,"Page, Mccoy and Walsh","Johnmouth, GT",Mid
1784,Alvarado-Rhodes,"Danieltown, SB",Mid
1785,Green-Fleming,"East Timothybury, GT",Startup
1786,Miller-Walker,"East Martha, WS",Large
1787,"Thomas, Mccarthy and King","New Christopherville, UY",Mid
1788,"Smith, King and Miller","East Joanna, BY",Mid
1789,Mann PLC,"Schwartzport, LB",Startup
1790,"Ellis, Wilson and Ochoa","South Deborahfurt, PT",Large
1791,Quinn Ltd,"Kellychester, PW",Mid
1792,Ward PLC,"Tiffanyville, MD",Mid
1793,Grant Group,"Lake Ann, TO",Mid
1794,Gomez and Sons,"Hollyside, NP",Mid
1795,Wilson-Myers,"Lake Jeffreymouth, AD",Large
1796,Morton-Simpson,"Davidmouth, JP",Large
1797,Nguyen LLC,"South Nathan, NI",Startup
1798,Combs Inc,"Susanshire, TL",Large
1799,Ferguson and Sons,"West Coryburgh, SL",Large
1800,Cook Group,"East Rodney, DM",Mid
1801,"White, Weber and Terry","Jessicabury, DE",Startup
1802,Le-Brown,"Jonesmouth, GT",Startup
1803,"Boyd, Cochran and Golden","South Kaitlyn, MD",Mid
1804,"Warren, Kirby and Thomas","Dennisstad, GW",Mid
1805,Berry LLC,"Mahoneyshire, CO",Startup
1806,"Walker, Brown and Monroe","Jadefort, BY",Mid
1807,Armstrong-Clark,"Reidfurt, MM",Mid
1808,Hall-Gill,"Scottberg, KG",Startup
1809,"Riley, Rasmussen and Baker","Atkinsstad, AF",Large
1810,Martinez and Sons,"Kennethshire, HR",Large
1811,Hernandez Inc,"Rileyside, IS",Startup
1812,Moore-Ramirez,"Kimberlyfort, DO",Large
1813,Duran-Rangel,"North Lindsey, CA",Large
1814,"Black, Rodriguez and Hicks","Jerrychester, GE",Mid
1815,Wilson PLC,"Allenfurt, RO",Mid
1816,"Hines, Castillo and Patterson","Andrewhaven, HR",Mid
1817,Mitchell-Rivera,"Collinsside, UZ",Startup
1818,"Williams, Mcdonald and Martin","Lake Melindabury, ER",Large
1819,Lee PLC,"Cliffordview, IS",Startup
1820,Wright Inc,"Port Carrie, ME",Mid
1821,Townsend Inc,"Cooperstad, CO",Large
1822,Valentine-Hodge,"Jasonborough, CG",Large
1823,Scott-Jackson,"East Tyler, KP",Startup
1824,Austin Group,"Caseychester, SA",Startup
1825,Garza-Gilbert,"Robertbury, HR",Large
1826,Nichols-Cook,"Stevenshire, UG",Startup
1827,Thompson-Powell,"Katherinebury, PH",Mid
1828,Sawyer-Cooper,"Lake Daisyfurt, MC",Startup
1829,"Ray, Torres and Cortez","Silvastad, LI",Mid
1830,Stokes-Cameron,"Perrymouth, BG",Startup
1831,Hudson-Robertson,"Port Kristin, LB",Large
1832,Carter-Jimenez,"South Jenniferton, KG",Large
1833,Freeman-Reyes,"Janetmouth, VE",Large
1834,"Hicks, Webb and Krueger","Jessicaborough, CA",Large
1835,"Cannon, Martin and Watson","South Debra, AD",Large
1836,Blevins PLC,"Jeremyland, AU",Startup
1837,"Butler, Brown and Thomas","Evelynhaven, CN",Large
1838,Ellis Inc,"Susantown, GB",Large
1839,Lindsey Ltd,"New Shaun, BJ",Mid
1840,Wu Ltd,"East Christinachester, BO",Startup
1841,Ruiz-Payne,"East Christopherberg, BJ",Large
1842,Stewart Group,"Jefferymouth, KW",Large
1843,"Adams, Finley and Perez","Downsland, TW",Large
1844,Ponce-Brewer,"Daymouth, MK",Mid
1845,Strickland-Gray,"Taylorport, VU",Mid
1846,Mckee PLC,"Danielletown, MH",Startup
1847,Keith Inc,"Lake Robert, TN",Large
1848,Willis-Olson,"North Aaronberg, ME",Mid
1849,"Roberts, Gill and Williams","Lake Scottbury, LB",Large
1850,Johnson LLC,"New Richard, HT",Startup
1851,"Houston, Ponce and Pennington","Lake Jamesside, DM",Startup
1852,"Smith, Willis and Johnson","Cathyport, PH",Large
1853,Greene and Sons,"Pearsonberg, KG",Mid
1854,Lloyd PLC,"New Ericafurt, LU",Large
1855,Abbott-Gray,"Howardview, MA",Mid
1856,Ramos and Sons,"Rileyborough, HU",Mid
1857,Hicks Inc,"North Haileyville, UA",Large
1858,Adams-Bright,"Laneberg, JM",Startup
1859,Martin-Gregory,"Dawnmouth, MM",Startup
1860,Wood LLC,"North Brooke, US",Large
1861,Schultz-Sanders,"South Elizabeth, BI",Mid
1862,Ray LLC,"West Charles, ZM",Mid
1863,"Lee, Rodgers and Hunter","West Whitney, BH",Mid
1864,Jones and Sons,"New Matthew, UG",Large
1865,Morse-Hodges,"Beckerstad, IN",Mid
1866,"West, Williams and Stewart","Macdonaldfort, JM",Large
1867,Lopez LLC,"South Ralphfort, MH",Startup
1868,Nunez Inc,"New Brianborough, AF",Mid
1869,"Lewis, Pollard and Rogers","Pearsonmouth, RW",Startup
1870,"Moody, Oconnor and Brewer","Thompsonborough, AF",Mid
1871,Rodriguez-Moore,"Parkerchester, TN",Startup
1872,Baker-Williams,"Bakerland, NG",Mid
1873,"Summers, Carter and James","Swansonburgh, MV",Large
1874,"Hughes, Neal and Davis","Davidbury, CM",Startup
1875,Robinson Inc,"Wuland, BO",Large
1876,Marsh Inc,"Lake Patrickville, SK",Startup
1877,Kim-Thornton,"South Peggyton, PW",Mid
1878,"Miller, Wilson and Barker","Helenport, OM",Large
1879,"Stewart, Rodriguez and Jenkins","Port Mitchell, US",Large
1880,Kelly-Cline,"Port Caroline, NI",Large
1881,Beltran Inc,"Lake Joshua, CU",Large
1882,"Kennedy, Lopez and Bell","New Michael, TW",Mid
1883,Watson-Mitchell,"Mariaton, SZ",Mid
1884,"Wolfe, Stephenson and Sanchez","Wallacetown, MG",Startup
1885,Gaines-Nelson,"West Ryanport, MZ",Large
1886,"Calhoun, Thomas and Brandt","Shepherdport, CY",Large
1887,"Hernandez, Griffith and Simmons","West Mark, ET",Large
1888,Davies-Payne,"Kristyton, GW",Large
1889,Hicks Group,"Hollyberg, BB",Large
1890,Myers Ltd,"Amandahaven, MX",Mid
1891,Ramirez and Sons,"Brendashire, LR",Mid
1892,Adams-Lee,"New Marthaview, PH",Large
1893,Rosario PLC,"East John, TV",Large
1894,Mack and Sons,"Rhodestown, LI",Mid
1895,"Ramos, Hines and Faulkner","Martinbury, PW",Startup
1896,Smith-Hall,"Debbieburgh, FI",Startup
1897,"Santos, Lowe and Lindsey","Humphreyfort, PT",Large
1898,Wilkins-King,"Lake Mark, CH",Mid
1899,Parker-Harris,"Morrisburgh, MH",Startup
1900,Mitchell-Ayers,"Andersonberg, GA",Mid
1901,"James, Scott and Armstrong","Kellyton, TG",Mid
1902,Mcdonald-Hines,"West Christian, RS",Startup
1903,Alvarez and Sons,"Rebeccamouth, CZ",Startup
1904,Shaw-May,"Saraberg, SO",Mid
1905,"Deleon, Johnson and Shah","Markview, TZ",Startup
1906,Stevens LLC,"Palmershire, ES",Large
1907,"Moore, Edwards and Greene","North Angelaside, RU",Mid
1908,Lee Group,"Buchananfort, PS",Startup
1909,"Smith, Rodriguez and Foster","East Laura, YE",Mid
1910,Hale Group,"Jasonbury, ZM",Mid
1911,James PLC,"Port Jacqueline, NG",Mid
1912,Wagner-Doyle,"Stephaniefurt, SL",Startup
1913,Martinez PLC,"Mollyside, JO",Mid
1914,"Allen, Ward and Smith","Morganshire, HT",Large
1915,Nelson PLC,"Bennettshire, IR",Mid
1916,Roach-Flores,"Brownfurt, LA",Startup
1917,Mullins Group,"Goodwinshire, ME",Large
1918,Smith-Garcia,"Craigport, CV",Mid
1919,White-Frye,"Nicoletown, NZ",Mid
1920,"Lewis, Mccormick and Rowland","Lake Andrea, DM",Mid
1921,"Mccann, Atkinson and Durham","Atkinschester, CO",Startup
1922,Campbell PLC,"Lucaschester, FJ",Startup
1923,Edwards-Pacheco,"Stevenside, CD",Large
1924,Arroyo Ltd,"North Jennifer, HR",Mid
1925,Banks-Wright,"South Devintown, MT",Mid
1926,Hayes PLC,"Port Kaylatown, SO",Large
1927,"Moore, Mitchell and Tapia","North Kimberly, HN",Large
1928,Martin PLC,"Port Stevenburgh, KN",Mid
1929,"Garcia, Chambers and Sutton","South Paulstad, BY",Mid
1930,Wyatt LLC,"Jaredport, NA",Large
1931,"Weeks, Diaz and Fisher","Hernandeztown, PS",Large
1932,Murphy Inc,"East Samuelburgh, SL",Startup
1933,Mahoney LLC,"North Paigemouth, TO",Large
1934,Larsen-Armstrong,"North Albert, NP",Startup
1935,Chavez and Sons,"Natashaberg, BA",Startup
1936,Davis Ltd,"North Maryborough, CL",Mid
1937,Baldwin-Norman,"North Oscar, DJ",Mid
1938,"Lyons, Gardner and Moss","Tarahaven, IN",Large
1939,Smith-Silva,"West Claudia, RO",Large
1940,Craig-Snyder,"Timothyfort, DZ",Mid
1941,Shah PLC,"Roberttown, AG",Startup
1942,"Robinson, Mcdowell and Robinson","South Elizabeth, GE",Large
1943,"Williams, Brown and Chen","Cassandraport, MC",Mid
1944,"Lopez, Davis and Chapman","Lake Alisonhaven, NI",Mid
1945,"Walker, Williamson and Brown","Staciechester, AO",Large
1946,"Fry, Farrell and Hernandez","Taylorview, PL",Large
1947,"Gomez, King and Thompson","North Sheryl, TD",Startup
1948,Kim-Woodward,"New Andrea, NI",Mid
1949,"Williams, Moore and Rogers","New Kimberlyhaven, SN",Mid
1950,"Roberson, Lucero and Smith","New Roberto, JP",Large
1951,"Hoffman, Gaines and Medina","Harperfort, MT",Mid
1952,Robinson Ltd,"Stevenborough, GR",Mid
1953,Stark-Collins,"Port Meganshire, MH",Large
1954,Allen-Sandoval,"Mallorymouth, MY",Large
1955,Reid-Armstrong,"Williamstad, VE",Large
1956,Jones-Lopez,"Emilyberg, CH",Large
1957,Bennett Ltd,"East Casey, EE",Large
1958,Moore-Martin,"Gregorytown, GA",Mid
1959,Diaz-Reed,"South Benjamin, FR",Mid
1960,"Clark, Olsen and Williams","Lake Janicehaven, BH",Mid
1961,Daniels-Moore,"West Justinfort, AO",Large
1962,"Ramos, Long and Smith","West Danielle, LU",Mid
1963,Miller-Vaughan,"New Mistyland, SL",Mid
1964,"Hines, Stevens and Johnson","Gutierrezmouth, UG",Large
1965,Williams-Mcdonald,"West Natalieville, GD",Mid
1966,Chen Ltd,"East Markville, GM",Startup
1967,Joseph Ltd,"South Christopher, NE",Startup
1968,Williams LLC,"Wrightburgh, ML",Large
1969,"Jones, Reyes and Watkins","Lindashire, SC",Large
1970,"Rodriguez, Mccoy and Rojas","Carterport, UG",Mid
1971,"Kim, Mitchell and York","Lovemouth, VN",Large
1972,Jackson-Ortiz,"East Randy, BA",Startup
1973,"Miller, Russell and Reed","East Sylviaborough, ML",Mid
1974,Mclaughlin-Woodard,"Lake Alexanderfurt, QA",Mid
1975,"Smith, Simon and Bennett","West Loganburgh, DJ",Startup
1976,Horton and Sons,"Nicholasmouth, BD",Large
1977,Allen-Patterson,"East Shelley, DE",Startup
1978,Tate-Burnett,"Harrischester, ER",Large
1979,"Johnson, Hughes and Smith","New Michaelmouth, NP",Large
1980,Cook-Fowler,"Kevinborough, SE",Mid
1981,Fleming LLC,"East Michelleborough, ZA",Startup
1982,Schmidt Inc,"South Craigchester, KG",Startup
1983,Ramirez-Love,"Tylerland, GA",Startup
1984,Ball-Kelly,"North Melissashire, LA",Startup
1985,Grimes-Moore,"Melissamouth, VC",Mid
1986,"Jackson, Anthony and Woods","Danielview, SA",Startup
1987,"Douglas, Thomas and Smith","Gailmouth, PK",Mid
1988,"Solis, Peters and Walsh","Jennifermouth, HR",Large
1989,Webb-Walls,"Port Camerontown, BB",Large
1990,"Hall, Barber and Young","Williamshaven, NI",Startup
1991,Sanchez Group,"Brownton, LB",Startup
1992,Wood-Salas,"East Brianborough, IL",Startup
1993,Young and Sons,"Lesliefort, ZW",Startup
1994,Moran-Brown,"Brownburgh, WS",Mid
1995,Williams-Curtis,"Melissaside, ZA",Startup
1996,"Mueller, Ellis and Clark","Washingtonmouth, SD",Large
1997,Roberts-Yu,"Joshuafort, ZA",Large
1998,"Brooks, Williams and Randolph","West Brittanyburgh, CG",Large
1999,Castaneda-Smith,"Anthonyshire, OM",Large
2000,Estes Group,"Benjaminview, NE",Startup
