job_id,tools_preferred
1,KDB+
1, LangChain
2,FastAPI
2, KDB+
2, TensorFlow
3,BigQuery
3, PyTorch
3, Scikit-learn
4,TensorFlow
4, BigQuery
4, MLflow
5,PyTorch
5, LangChain
6,PyTorch
6, TensorFlow
6, FastAPI
7,PyTorch
7, MLflow
8,BigQuery
9,Scikit-learn
9, LangChain
9, BigQuery
10,MLflow
10, TensorFlow
11,LangChain
11, BigQuery
11, Scikit-learn
12,TensorFlow
12, PyTorch
12, BigQuery
13,LangChain
14,LangChain
14, TensorFlow
14, Scikit-learn
15,FastAPI
16,TensorFlow
17,LangChain
18,BigQuery
19,BigQuery
19, FastAPI
19, KDB+
20,MLflow
21,Scikit-learn
21, BigQuery
21, PyTorch
22,PyTorch
22, LangChain
23,PyTorch
23, Scikit-learn
23, KDB+
24,Scikit-learn
25,FastAPI
26,FastAPI
26, PyTorch
26, KDB+
27,TensorFlow
27, Scikit-learn
27, FastAPI
28,PyTorch
28, MLflow
29,Scikit-learn
29, FastAPI
29, LangChain
30,TensorFlow
31,KDB+
31, PyTorch
32,LangChain
32, KDB+
33,TensorFlow
33, Scikit-learn
34,PyTorch
35,TensorFlow
35, Scikit-learn
36,Scikit-learn
36, FastAPI
36, MLflow
37,Scikit-learn
37, LangChain
37, KDB+
38,MLflow
39,LangChain
40,FastAPI
40, Scikit-learn
40, LangChain
41,Scikit-learn
41, TensorFlow
41, BigQuery
42,TensorFlow
43,PyTorch
43, TensorFlow
43, FastAPI
44,TensorFlow
44, LangChain
44, PyTorch
45,KDB+
46,FastAPI
46, MLflow
46, TensorFlow
47,PyTorch
47, BigQuery
48,MLflow
48, BigQuery
48, LangChain
49,KDB+
49, PyTorch
49, MLflow
50,FastAPI
50, KDB+
50, Scikit-learn
51,BigQuery
52,LangChain
52, KDB+
52, FastAPI
53,MLflow
54,LangChain
54, BigQuery
54, MLflow
55,FastAPI
55, TensorFlow
55, BigQuery
56,BigQuery
56, PyTorch
56, TensorFlow
57,LangChain
57, Scikit-learn
57, PyTorch
58,MLflow
58, LangChain
59,FastAPI
59, PyTorch
59, LangChain
60,BigQuery
61,MLflow
62,LangChain
63,TensorFlow
63, LangChain
64,FastAPI
65,PyTorch
65, TensorFlow
65, FastAPI
66,FastAPI
66, KDB+
67,BigQuery
67, KDB+
68,PyTorch
69,LangChain
69, PyTorch
69, MLflow
70,BigQuery
71,FastAPI
71, PyTorch
72,FastAPI
72, LangChain
73,PyTorch
73, BigQuery
73, Scikit-learn
74,MLflow
74, PyTorch
75,KDB+
76,FastAPI
76, TensorFlow
76, PyTorch
77,PyTorch
78,LangChain
78, PyTorch
78, Scikit-learn
79,LangChain
80,KDB+
81,Scikit-learn
81, MLflow
81, PyTorch
82,PyTorch
82, Scikit-learn
82, BigQuery
83,MLflow
84,MLflow
84, LangChain
84, KDB+
85,FastAPI
85, LangChain
86,BigQuery
86, Scikit-learn
86, MLflow
87,LangChain
87, BigQuery
88,LangChain
88, MLflow
89,FastAPI
89, LangChain
89, BigQuery
90,KDB+
90, LangChain
91,BigQuery
91, KDB+
91, LangChain
92,LangChain
92, FastAPI
92, Scikit-learn
93,MLflow
93, FastAPI
93, TensorFlow
94,LangChain
94, BigQuery
95,LangChain
95, BigQuery
96,LangChain
97,LangChain
97, FastAPI
98,FastAPI
98, KDB+
98, LangChain
99,TensorFlow
99, BigQuery
100,TensorFlow
101,TensorFlow
102,KDB+
102, BigQuery
102, MLflow
103,KDB+
104,TensorFlow
105,LangChain
105, Scikit-learn
106,KDB+
106, MLflow
107,BigQuery
107, FastAPI
108,TensorFlow
108, Scikit-learn
108, MLflow
109,BigQuery
110,Scikit-learn
111,KDB+
112,Scikit-learn
113,MLflow
113, Scikit-learn
113, FastAPI
114,KDB+
115,Scikit-learn
115, TensorFlow
116,MLflow
117,LangChain
117, KDB+
118,Scikit-learn
119,MLflow
119, PyTorch
119, FastAPI
120,TensorFlow
120, KDB+
120, BigQuery
121,Scikit-learn
121, MLflow
122,BigQuery
123,KDB+
123, MLflow
124,KDB+
125,BigQuery
125, TensorFlow
126,PyTorch
127,Scikit-learn
128,LangChain
128, KDB+
129,PyTorch
129, KDB+
129, LangChain
130,Scikit-learn
131,BigQuery
132,KDB+
132, FastAPI
133,BigQuery
133, LangChain
133, FastAPI
134,TensorFlow
135,PyTorch
135, FastAPI
136,PyTorch
137,FastAPI
137, PyTorch
137, TensorFlow
138,BigQuery
138, Scikit-learn
139,LangChain
139, PyTorch
139, MLflow
140,BigQuery
141,Scikit-learn
141, TensorFlow
142,TensorFlow
143,FastAPI
143, KDB+
144,Scikit-learn
144, KDB+
145,MLflow
145, KDB+
146,BigQuery
146, MLflow
146, Scikit-learn
147,BigQuery
148,FastAPI
149,PyTorch
149, Scikit-learn
150,KDB+
151,FastAPI
151, TensorFlow
151, LangChain
152,Scikit-learn
153,Scikit-learn
154,TensorFlow
154, FastAPI
154, PyTorch
155,MLflow
155, PyTorch
155, KDB+
156,BigQuery
156, KDB+
157,TensorFlow
157, MLflow
158,MLflow
158, Scikit-learn
158, FastAPI
159,Scikit-learn
159, KDB+
159, BigQuery
160,Scikit-learn
160, BigQuery
160, KDB+
161,KDB+
161, BigQuery
162,FastAPI
162, PyTorch
163,Scikit-learn
163, MLflow
163, BigQuery
164,TensorFlow
164, MLflow
165,LangChain
166,BigQuery
166, MLflow
166, FastAPI
167,TensorFlow
167, BigQuery
168,TensorFlow
169,FastAPI
169, MLflow
169, KDB+
170,LangChain
171,FastAPI
171, PyTorch
171, TensorFlow
172,PyTorch
172, BigQuery
173,FastAPI
173, PyTorch
174,FastAPI
174, MLflow
175,TensorFlow
175, KDB+
175, MLflow
176,KDB+
176, BigQuery
177,PyTorch
177, LangChain
177, MLflow
178,Scikit-learn
178, PyTorch
178, LangChain
179,TensorFlow
179, BigQuery
179, KDB+
180,TensorFlow
180, FastAPI
181,KDB+
181, Scikit-learn
181, PyTorch
182,PyTorch
183,BigQuery
183, TensorFlow
184,Scikit-learn
184, BigQuery
185,TensorFlow
186,BigQuery
187,LangChain
187, MLflow
188,KDB+
189,BigQuery
190,PyTorch
190, KDB+
191,MLflow
191, LangChain
191, FastAPI
192,FastAPI
192, BigQuery
193,MLflow
193, KDB+
194,LangChain
194, KDB+
195,Scikit-learn
196,BigQuery
196, FastAPI
197,Scikit-learn
197, TensorFlow
197, FastAPI
198,BigQuery
199,BigQuery
199, KDB+
200,PyTorch
201,BigQuery
201, PyTorch
202,PyTorch
202, TensorFlow
202, FastAPI
203,LangChain
203, KDB+
203, FastAPI
204,TensorFlow
205,BigQuery
206,MLflow
207,TensorFlow
208,Scikit-learn
209,Scikit-learn
209, BigQuery
209, FastAPI
210,KDB+
210, FastAPI
210, PyTorch
211,KDB+
211, FastAPI
212,FastAPI
213,Scikit-learn
213, MLflow
214,BigQuery
215,LangChain
216,FastAPI
216, PyTorch
216, TensorFlow
217,Scikit-learn
218,TensorFlow
218, LangChain
218, FastAPI
219,BigQuery
219, PyTorch
220,KDB+
220, PyTorch
221,FastAPI
221, LangChain
221, TensorFlow
222,MLflow
222, PyTorch
222, TensorFlow
223,MLflow
224,BigQuery
224, TensorFlow
225,LangChain
225, Scikit-learn
225, FastAPI
226,PyTorch
226, Scikit-learn
227,BigQuery
227, Scikit-learn
227, LangChain
228,LangChain
229,TensorFlow
230,KDB+
230, FastAPI
231,TensorFlow
231, MLflow
231, LangChain
232,BigQuery
232, MLflow
232, KDB+
233,TensorFlow
233, LangChain
233, BigQuery
234,Scikit-learn
235,MLflow
236,BigQuery
236, KDB+
237,TensorFlow
237, PyTorch
237, LangChain
238,TensorFlow
238, Scikit-learn
239,TensorFlow
239, KDB+
239, BigQuery
240,PyTorch
240, MLflow
241,BigQuery
241, Scikit-learn
242,LangChain
242, BigQuery
243,MLflow
243, KDB+
243, BigQuery
244,LangChain
245,PyTorch
245, BigQuery
246,LangChain
246, Scikit-learn
247,TensorFlow
247, LangChain
248,Scikit-learn
248, KDB+
249,BigQuery
250,BigQuery
251,TensorFlow
252,LangChain
252, BigQuery
253,KDB+
254,MLflow
255,PyTorch
255, FastAPI
256,FastAPI
256, Scikit-learn
256, MLflow
257,PyTorch
257, BigQuery
258,Scikit-learn
258, TensorFlow
259,MLflow
259, BigQuery
259, LangChain
260,LangChain
260, FastAPI
261,Scikit-learn
261, LangChain
262,Scikit-learn
262, PyTorch
263,LangChain
263, KDB+
263, Scikit-learn
264,KDB+
265,LangChain
265, BigQuery
265, MLflow
266,LangChain
266, PyTorch
266, FastAPI
267,MLflow
267, FastAPI
268,FastAPI
268, MLflow
268, Scikit-learn
269,PyTorch
270,LangChain
270, BigQuery
271,LangChain
271, KDB+
271, BigQuery
272,MLflow
273,Scikit-learn
273, MLflow
274,Scikit-learn
274, BigQuery
275,Scikit-learn
275, FastAPI
275, KDB+
276,MLflow
276, BigQuery
277,PyTorch
278,MLflow
279,MLflow
279, LangChain
279, FastAPI
280,PyTorch
281,KDB+
281, BigQuery
281, MLflow
282,LangChain
283,PyTorch
283, TensorFlow
283, MLflow
284,LangChain
284, KDB+
285,KDB+
285, TensorFlow
285, LangChain
286,BigQuery
287,FastAPI
288,PyTorch
288, MLflow
289,MLflow
289, BigQuery
289, KDB+
290,LangChain
291,Scikit-learn
292,Scikit-learn
292, KDB+
292, BigQuery
293,LangChain
293, FastAPI
294,LangChain
294, BigQuery
294, TensorFlow
295,KDB+
296,PyTorch
297,Scikit-learn
297, FastAPI
297, KDB+
298,LangChain
298, FastAPI
299,LangChain
300,BigQuery
301,LangChain
301, MLflow
302,Scikit-learn
302, LangChain
302, BigQuery
303,Scikit-learn
303, TensorFlow
303, PyTorch
304,Scikit-learn
304, TensorFlow
304, MLflow
305,PyTorch
305, TensorFlow
306,BigQuery
306, FastAPI
307,BigQuery
307, MLflow
307, LangChain
308,PyTorch
309,BigQuery
309, MLflow
310,MLflow
310, LangChain
310, KDB+
311,KDB+
311, Scikit-learn
312,MLflow
312, LangChain
312, KDB+
313,LangChain
313, KDB+
313, PyTorch
314,KDB+
315,Scikit-learn
316,PyTorch
317,Scikit-learn
317, BigQuery
317, MLflow
318,PyTorch
318, LangChain
319,KDB+
319, MLflow
319, TensorFlow
320,LangChain
321,PyTorch
321, Scikit-learn
321, FastAPI
322,MLflow
322, PyTorch
322, FastAPI
323,BigQuery
323, TensorFlow
323, FastAPI
324,Scikit-learn
324, FastAPI
325,MLflow
325, TensorFlow
326,FastAPI
326, Scikit-learn
326, MLflow
327,KDB+
328,MLflow
329,TensorFlow
329, MLflow
329, FastAPI
330,MLflow
331,KDB+
331, FastAPI
331, LangChain
332,LangChain
333,TensorFlow
333, KDB+
334,Scikit-learn
335,BigQuery
335, LangChain
335, MLflow
336,BigQuery
336, TensorFlow
337,LangChain
337, Scikit-learn
338,PyTorch
338, BigQuery
339,MLflow
339, LangChain
340,TensorFlow
341,TensorFlow
341, MLflow
341, Scikit-learn
342,KDB+
343,FastAPI
344,TensorFlow
345,PyTorch
345, Scikit-learn
346,Scikit-learn
346, TensorFlow
346, KDB+
347,PyTorch
347, TensorFlow
347, MLflow
348,Scikit-learn
349,FastAPI
349, BigQuery
349, MLflow
350,Scikit-learn
350, MLflow
351,MLflow
352,LangChain
352, KDB+
353,LangChain
353, BigQuery
353, FastAPI
354,KDB+
354, PyTorch
355,FastAPI
356,PyTorch
356, TensorFlow
356, MLflow
357,TensorFlow
357, FastAPI
358,FastAPI
359,PyTorch
360,MLflow
361,MLflow
361, TensorFlow
361, FastAPI
362,FastAPI
363,MLflow
363, FastAPI
363, BigQuery
364,LangChain
364, FastAPI
365,KDB+
365, TensorFlow
365, PyTorch
366,MLflow
366, PyTorch
367,LangChain
368,MLflow
369,TensorFlow
369, PyTorch
370,KDB+
370, PyTorch
370, FastAPI
371,Scikit-learn
371, PyTorch
372,KDB+
373,LangChain
373, PyTorch
374,TensorFlow
374, Scikit-learn
374, PyTorch
375,Scikit-learn
376,MLflow
376, TensorFlow
377,KDB+
377, PyTorch
378,Scikit-learn
378, PyTorch
378, TensorFlow
379,PyTorch
379, Scikit-learn
380,KDB+
380, Scikit-learn
380, FastAPI
381,MLflow
382,KDB+
382, TensorFlow
383,Scikit-learn
383, FastAPI
384,TensorFlow
385,BigQuery
386,LangChain
386, PyTorch
387,KDB+
388,PyTorch
389,Scikit-learn
390,BigQuery
390, LangChain
390, Scikit-learn
391,PyTorch
392,LangChain
393,LangChain
393, FastAPI
393, TensorFlow
394,FastAPI
394, Scikit-learn
395,Scikit-learn
395, MLflow
396,PyTorch
397,TensorFlow
397, FastAPI
398,KDB+
399,KDB+
399, TensorFlow
399, PyTorch
400,PyTorch
400, KDB+
400, LangChain
401,TensorFlow
402,BigQuery
403,PyTorch
404,KDB+
405,FastAPI
406,FastAPI
406, TensorFlow
407,MLflow
407, TensorFlow
408,LangChain
408, MLflow
408, Scikit-learn
409,LangChain
410,LangChain
410, Scikit-learn
411,KDB+
411, FastAPI
412,BigQuery
412, TensorFlow
412, KDB+
413,LangChain
413, MLflow
414,MLflow
414, Scikit-learn
415,FastAPI
416,KDB+
416, PyTorch
417,KDB+
417, LangChain
418,TensorFlow
419,LangChain
420,Scikit-learn
420, KDB+
420, MLflow
421,LangChain
421, FastAPI
421, TensorFlow
422,LangChain
423,TensorFlow
423, PyTorch
424,LangChain
425,BigQuery
425, Scikit-learn
426,PyTorch
426, TensorFlow
427,FastAPI
427, BigQuery
427, TensorFlow
428,PyTorch
428, TensorFlow
428, KDB+
429,PyTorch
429, KDB+
430,TensorFlow
430, FastAPI
431,TensorFlow
431, BigQuery
431, LangChain
432,TensorFlow
432, MLflow
433,BigQuery
433, MLflow
433, KDB+
434,MLflow
434, KDB+
434, FastAPI
435,BigQuery
436,TensorFlow
436, BigQuery
437,TensorFlow
437, BigQuery
438,TensorFlow
438, KDB+
439,PyTorch
439, LangChain
439, KDB+
440,Scikit-learn
441,TensorFlow
442,LangChain
442, PyTorch
442, FastAPI
443,FastAPI
444,KDB+
445,Scikit-learn
445, KDB+
445, MLflow
446,BigQuery
447,FastAPI
447, MLflow
448,FastAPI
448, BigQuery
449,BigQuery
449, KDB+
450,Scikit-learn
450, BigQuery
451,TensorFlow
451, PyTorch
451, LangChain
452,MLflow
453,FastAPI
453, LangChain
453, PyTorch
454,KDB+
454, BigQuery
455,FastAPI
456,KDB+
457,FastAPI
457, LangChain
458,BigQuery
459,BigQuery
459, KDB+
460,TensorFlow
460, BigQuery
460, LangChain
461,LangChain
461, TensorFlow
462,MLflow
462, Scikit-learn
463,PyTorch
464,KDB+
464, MLflow
464, TensorFlow
465,Scikit-learn
466,FastAPI
466, PyTorch
467,MLflow
468,LangChain
469,TensorFlow
470,PyTorch
470, MLflow
471,MLflow
472,TensorFlow
473,BigQuery
474,FastAPI
474, Scikit-learn
474, TensorFlow
475,MLflow
475, KDB+
475, LangChain
476,MLflow
477,BigQuery
478,TensorFlow
478, BigQuery
478, LangChain
479,KDB+
479, MLflow
480,MLflow
480, PyTorch
481,Scikit-learn
481, KDB+
482,KDB+
483,Scikit-learn
484,MLflow
484, PyTorch
485,LangChain
485, Scikit-learn
485, FastAPI
486,MLflow
486, BigQuery
486, Scikit-learn
487,PyTorch
487, BigQuery
488,Scikit-learn
488, TensorFlow
488, BigQuery
489,LangChain
489, BigQuery
490,Scikit-learn
491,PyTorch
491, LangChain
492,LangChain
492, TensorFlow
493,TensorFlow
493, Scikit-learn
493, FastAPI
494,Scikit-learn
494, LangChain
495,PyTorch
495, KDB+
496,KDB+
497,KDB+
497, PyTorch
497, FastAPI
498,LangChain
499,LangChain
500,FastAPI
500, Scikit-learn
500, TensorFlow
501,TensorFlow
502,KDB+
502, FastAPI
502, Scikit-learn
503,BigQuery
503, MLflow
504,PyTorch
505,PyTorch
505, MLflow
505, LangChain
506,FastAPI
506, Scikit-learn
506, PyTorch
507,TensorFlow
508,TensorFlow
508, BigQuery
509,LangChain
509, TensorFlow
509, KDB+
510,TensorFlow
510, PyTorch
510, KDB+
511,PyTorch
512,MLflow
512, Scikit-learn
513,MLflow
513, KDB+
514,BigQuery
514, Scikit-learn
514, PyTorch
515,BigQuery
515, TensorFlow
515, FastAPI
516,TensorFlow
517,TensorFlow
517, PyTorch
518,KDB+
519,FastAPI
519, PyTorch
519, BigQuery
520,PyTorch
520, KDB+
521,TensorFlow
521, LangChain
522,TensorFlow
523,BigQuery
523, PyTorch
523, FastAPI
524,Scikit-learn
524, PyTorch
524, LangChain
525,TensorFlow
525, KDB+
525, BigQuery
526,FastAPI
526, KDB+
527,TensorFlow
528,LangChain
528, MLflow
529,KDB+
529, PyTorch
530,Scikit-learn
530, BigQuery
530, MLflow
531,FastAPI
532,Scikit-learn
532, PyTorch
533,MLflow
533, FastAPI
533, Scikit-learn
534,TensorFlow
534, FastAPI
535,FastAPI
536,MLflow
537,PyTorch
537, MLflow
538,MLflow
539,BigQuery
539, PyTorch
540,Scikit-learn
540, MLflow
540, FastAPI
541,MLflow
542,KDB+
542, Scikit-learn
542, TensorFlow
543,LangChain
543, FastAPI
544,LangChain
545,FastAPI
545, MLflow
546,PyTorch
547,FastAPI
547, PyTorch
548,LangChain
548, FastAPI
549,KDB+
549, MLflow
550,BigQuery
551,Scikit-learn
551, FastAPI
551, LangChain
552,TensorFlow
553,PyTorch
553, TensorFlow
554,MLflow
554, PyTorch
554, KDB+
555,FastAPI
556,TensorFlow
556, FastAPI
557,TensorFlow
557, KDB+
558,LangChain
558, BigQuery
558, FastAPI
559,FastAPI
559, TensorFlow
559, LangChain
560,LangChain
560, BigQuery
561,PyTorch
561, TensorFlow
561, KDB+
562,MLflow
562, Scikit-learn
562, FastAPI
563,TensorFlow
564,BigQuery
564, MLflow
565,LangChain
565, TensorFlow
565, BigQuery
566,BigQuery
566, FastAPI
567,LangChain
567, PyTorch
567, MLflow
568,FastAPI
568, KDB+
568, BigQuery
569,Scikit-learn
569, TensorFlow
569, PyTorch
570,Scikit-learn
570, PyTorch
570, FastAPI
571,MLflow
571, BigQuery
572,TensorFlow
572, LangChain
572, Scikit-learn
573,KDB+
573, BigQuery
574,MLflow
575,FastAPI
575, BigQuery
575, MLflow
576,PyTorch
576, LangChain
576, KDB+
577,KDB+
577, Scikit-learn
578,TensorFlow
579,LangChain
579, BigQuery
580,MLflow
580, LangChain
580, BigQuery
581,LangChain
582,FastAPI
582, Scikit-learn
582, PyTorch
583,Scikit-learn
583, FastAPI
583, TensorFlow
584,MLflow
585,MLflow
586,LangChain
586, Scikit-learn
586, MLflow
587,PyTorch
588,PyTorch
588, BigQuery
589,TensorFlow
589, KDB+
589, MLflow
590,BigQuery
591,Scikit-learn
591, KDB+
591, MLflow
592,FastAPI
592, TensorFlow
592, MLflow
593,TensorFlow
593, FastAPI
593, Scikit-learn
594,LangChain
594, KDB+
594, BigQuery
595,PyTorch
595, LangChain
596,Scikit-learn
596, BigQuery
596, MLflow
597,KDB+
598,LangChain
598, Scikit-learn
598, FastAPI
599,BigQuery
600,MLflow
600, LangChain
600, KDB+
601,KDB+
601, BigQuery
602,Scikit-learn
602, MLflow
603,FastAPI
603, KDB+
604,BigQuery
604, LangChain
605,KDB+
605, TensorFlow
605, Scikit-learn
606,PyTorch
606, BigQuery
606, Scikit-learn
607,FastAPI
607, BigQuery
608,FastAPI
608, Scikit-learn
608, LangChain
609,LangChain
609, PyTorch
610,TensorFlow
611,BigQuery
611, PyTorch
612,LangChain
613,Scikit-learn
613, MLflow
614,FastAPI
614, Scikit-learn
614, PyTorch
615,PyTorch
615, Scikit-learn
615, TensorFlow
616,LangChain
617,KDB+
617, FastAPI
618,MLflow
618, PyTorch
618, LangChain
619,PyTorch
619, FastAPI
620,KDB+
620, FastAPI
621,LangChain
621, KDB+
622,Scikit-learn
622, LangChain
622, TensorFlow
623,FastAPI
624,MLflow
624, LangChain
624, KDB+
625,Scikit-learn
625, BigQuery
626,Scikit-learn
626, BigQuery
627,TensorFlow
627, LangChain
627, MLflow
628,BigQuery
628, MLflow
629,Scikit-learn
630,MLflow
630, Scikit-learn
631,KDB+
631, LangChain
631, Scikit-learn
632,MLflow
632, PyTorch
632, Scikit-learn
633,Scikit-learn
634,FastAPI
634, MLflow
634, LangChain
635,LangChain
635, KDB+
635, Scikit-learn
636,TensorFlow
637,PyTorch
637, TensorFlow
637, Scikit-learn
638,TensorFlow
638, FastAPI
638, LangChain
639,MLflow
639, TensorFlow
640,MLflow
641,BigQuery
641, LangChain
642,FastAPI
642, KDB+
642, TensorFlow
643,MLflow
644,KDB+
645,FastAPI
645, BigQuery
645, PyTorch
646,PyTorch
647,PyTorch
647, LangChain
647, KDB+
648,Scikit-learn
648, BigQuery
648, PyTorch
649,TensorFlow
650,BigQuery
650, Scikit-learn
650, FastAPI
651,Scikit-learn
652,BigQuery
652, TensorFlow
652, FastAPI
653,FastAPI
654,LangChain
654, Scikit-learn
654, PyTorch
655,PyTorch
656,BigQuery
657,KDB+
657, BigQuery
657, FastAPI
658,BigQuery
659,LangChain
659, MLflow
659, KDB+
660,TensorFlow
660, LangChain
661,BigQuery
662,FastAPI
662, LangChain
663,KDB+
664,FastAPI
665,TensorFlow
666,BigQuery
667,Scikit-learn
668,BigQuery
668, KDB+
669,PyTorch
669, BigQuery
670,KDB+
670, LangChain
670, PyTorch
671,PyTorch
671, Scikit-learn
671, KDB+
672,TensorFlow
672, FastAPI
673,LangChain
673, PyTorch
673, BigQuery
674,PyTorch
674, MLflow
674, KDB+
675,FastAPI
675, PyTorch
675, MLflow
676,MLflow
676, BigQuery
677,LangChain
678,KDB+
679,BigQuery
679, MLflow
680,Scikit-learn
680, LangChain
680, TensorFlow
681,PyTorch
682,LangChain
683,FastAPI
684,KDB+
685,TensorFlow
685, LangChain
685, PyTorch
686,MLflow
687,LangChain
688,LangChain
689,BigQuery
690,TensorFlow
691,FastAPI
691, LangChain
691, KDB+
692,TensorFlow
692, PyTorch
693,TensorFlow
693, BigQuery
693, FastAPI
694,Scikit-learn
694, BigQuery
695,LangChain
695, Scikit-learn
695, KDB+
696,FastAPI
697,BigQuery
698,FastAPI
699,KDB+
699, MLflow
699, Scikit-learn
700,PyTorch
701,TensorFlow
701, MLflow
701, KDB+
702,PyTorch
702, FastAPI
702, BigQuery
703,FastAPI
704,PyTorch
704, KDB+
704, MLflow
705,KDB+
705, MLflow
705, TensorFlow
706,LangChain
707,Scikit-learn
707, TensorFlow
708,LangChain
709,FastAPI
710,Scikit-learn
711,MLflow
711, KDB+
712,LangChain
712, MLflow
713,MLflow
713, LangChain
713, PyTorch
714,MLflow
714, BigQuery
715,PyTorch
715, FastAPI
715, TensorFlow
716,TensorFlow
717,LangChain
718,TensorFlow
718, PyTorch
718, FastAPI
719,MLflow
720,MLflow
720, TensorFlow
721,BigQuery
721, MLflow
722,MLflow
722, BigQuery
723,KDB+
723, LangChain
724,MLflow
724, FastAPI
725,BigQuery
726,BigQuery
726, KDB+
727,KDB+
727, PyTorch
727, FastAPI
728,PyTorch
728, TensorFlow
729,PyTorch
729, Scikit-learn
729, MLflow
730,PyTorch
730, KDB+
731,LangChain
731, PyTorch
732,PyTorch
732, KDB+
733,TensorFlow
733, FastAPI
733, LangChain
734,Scikit-learn
734, MLflow
734, BigQuery
735,BigQuery
735, TensorFlow
736,FastAPI
736, BigQuery
737,TensorFlow
737, KDB+
738,KDB+
738, BigQuery
739,TensorFlow
739, LangChain
740,MLflow
740, BigQuery
740, KDB+
741,BigQuery
741, LangChain
742,FastAPI
743,LangChain
743, MLflow
743, FastAPI
744,MLflow
744, PyTorch
744, TensorFlow
745,KDB+
745, PyTorch
746,Scikit-learn
747,MLflow
747, FastAPI
747, PyTorch
748,BigQuery
748, TensorFlow
749,KDB+
749, Scikit-learn
750,KDB+
751,PyTorch
751, BigQuery
751, TensorFlow
752,TensorFlow
753,PyTorch
753, KDB+
753, BigQuery
754,KDB+
754, PyTorch
754, TensorFlow
755,Scikit-learn
755, KDB+
755, FastAPI
756,FastAPI
757,FastAPI
757, MLflow
758,PyTorch
759,KDB+
759, Scikit-learn
760,TensorFlow
761,TensorFlow
762,Scikit-learn
762, FastAPI
762, LangChain
763,Scikit-learn
763, LangChain
763, FastAPI
764,LangChain
764, FastAPI
765,FastAPI
765, KDB+
766,BigQuery
766, PyTorch
766, TensorFlow
767,BigQuery
768,Scikit-learn
769,FastAPI
769, BigQuery
770,PyTorch
771,KDB+
771, MLflow
771, TensorFlow
772,FastAPI
772, KDB+
772, MLflow
773,Scikit-learn
773, MLflow
774,Scikit-learn
774, BigQuery
775,LangChain
776,BigQuery
776, KDB+
777,KDB+
777, Scikit-learn
778,FastAPI
778, KDB+
779,MLflow
780,PyTorch
780, Scikit-learn
780, BigQuery
781,TensorFlow
782,FastAPI
783,TensorFlow
783, KDB+
783, Scikit-learn
784,KDB+
784, TensorFlow
784, Scikit-learn
785,KDB+
785, PyTorch
786,TensorFlow
786, BigQuery
787,FastAPI
788,MLflow
788, LangChain
788, Scikit-learn
789,BigQuery
790,Scikit-learn
790, FastAPI
791,Scikit-learn
791, TensorFlow
791, MLflow
792,PyTorch
792, KDB+
793,LangChain
793, KDB+
793, BigQuery
794,MLflow
794, LangChain
794, Scikit-learn
795,Scikit-learn
795, BigQuery
796,BigQuery
796, TensorFlow
797,MLflow
797, KDB+
798,FastAPI
798, LangChain
798, PyTorch
799,FastAPI
800,MLflow
801,FastAPI
801, LangChain
802,FastAPI
802, LangChain
803,TensorFlow
803, FastAPI
804,Scikit-learn
804, TensorFlow
805,TensorFlow
806,FastAPI
807,MLflow
808,PyTorch
808, TensorFlow
808, Scikit-learn
809,BigQuery
810,KDB+
811,MLflow
811, PyTorch
812,TensorFlow
812, MLflow
812, Scikit-learn
813,KDB+
813, PyTorch
813, FastAPI
814,Scikit-learn
814, MLflow
815,FastAPI
815, KDB+
815, Scikit-learn
816,BigQuery
816, FastAPI
816, LangChain
817,TensorFlow
818,Scikit-learn
818, TensorFlow
818, FastAPI
819,FastAPI
819, LangChain
819, TensorFlow
820,Scikit-learn
820, KDB+
821,KDB+
821, PyTorch
822,TensorFlow
823,KDB+
824,PyTorch
825,Scikit-learn
825, KDB+
825, BigQuery
826,MLflow
826, PyTorch
826, FastAPI
827,PyTorch
827, TensorFlow
827, KDB+
828,PyTorch
829,MLflow
829, BigQuery
830,PyTorch
830, Scikit-learn
830, TensorFlow
831,TensorFlow
831, FastAPI
832,Scikit-learn
832, KDB+
833,BigQuery
833, PyTorch
833, MLflow
834,LangChain
835,FastAPI
835, PyTorch
835, BigQuery
836,KDB+
837,PyTorch
837, KDB+
838,KDB+
839,MLflow
839, LangChain
839, BigQuery
840,BigQuery
841,Scikit-learn
842,TensorFlow
843,BigQuery
843, MLflow
843, Scikit-learn
844,Scikit-learn
844, LangChain
844, KDB+
845,KDB+
845, BigQuery
845, Scikit-learn
846,FastAPI
846, MLflow
846, KDB+
847,Scikit-learn
847, LangChain
848,LangChain
848, BigQuery
848, MLflow
849,MLflow
850,FastAPI
851,BigQuery
851, TensorFlow
852,LangChain
853,Scikit-learn
853, FastAPI
853, LangChain
854,FastAPI
854, KDB+
855,MLflow
855, Scikit-learn
855, BigQuery
856,Scikit-learn
856, BigQuery
856, MLflow
857,KDB+
858,BigQuery
858, PyTorch
858, FastAPI
859,BigQuery
859, PyTorch
859, KDB+
860,BigQuery
860, MLflow
860, TensorFlow
861,MLflow
861, Scikit-learn
862,LangChain
862, PyTorch
862, MLflow
863,LangChain
864,Scikit-learn
864, BigQuery
864, KDB+
865,LangChain
865, KDB+
865, PyTorch
866,PyTorch
866, KDB+
867,LangChain
867, Scikit-learn
867, MLflow
868,MLflow
868, FastAPI
869,Scikit-learn
870,LangChain
870, TensorFlow
871,PyTorch
872,TensorFlow
872, FastAPI
873,KDB+
874,LangChain
874, Scikit-learn
874, PyTorch
875,FastAPI
876,KDB+
876, FastAPI
877,LangChain
878,FastAPI
879,MLflow
879, Scikit-learn
880,KDB+
880, LangChain
881,Scikit-learn
882,BigQuery
883,MLflow
884,LangChain
885,Scikit-learn
885, LangChain
885, BigQuery
886,Scikit-learn
887,BigQuery
887, PyTorch
888,BigQuery
888, Scikit-learn
889,MLflow
889, Scikit-learn
890,LangChain
891,FastAPI
892,BigQuery
893,Scikit-learn
894,MLflow
894, TensorFlow
894, PyTorch
895,KDB+
895, LangChain
895, BigQuery
896,Scikit-learn
897,BigQuery
897, KDB+
897, TensorFlow
898,KDB+
899,FastAPI
899, Scikit-learn
900,FastAPI
900, BigQuery
901,TensorFlow
901, MLflow
902,BigQuery
903,Scikit-learn
903, FastAPI
903, LangChain
904,Scikit-learn
905,LangChain
905, BigQuery
905, KDB+
906,LangChain
906, PyTorch
906, MLflow
907,PyTorch
908,MLflow
909,KDB+
910,PyTorch
910, FastAPI
910, LangChain
911,LangChain
911, Scikit-learn
912,KDB+
913,TensorFlow
914,BigQuery
915,BigQuery
915, LangChain
915, Scikit-learn
916,LangChain
916, MLflow
917,PyTorch
918,FastAPI
919,MLflow
919, Scikit-learn
919, LangChain
920,LangChain
920, BigQuery
921,PyTorch
921, TensorFlow
921, LangChain
922,MLflow
922, FastAPI
923,KDB+
923, BigQuery
924,TensorFlow
924, LangChain
924, PyTorch
925,Scikit-learn
925, BigQuery
925, FastAPI
926,BigQuery
927,LangChain
928,LangChain
928, MLflow
929,PyTorch
930,KDB+
931,LangChain
931, MLflow
931, Scikit-learn
932,PyTorch
932, Scikit-learn
933,FastAPI
934,PyTorch
935,BigQuery
936,Scikit-learn
936, TensorFlow
936, KDB+
937,PyTorch
938,BigQuery
938, KDB+
938, FastAPI
939,MLflow
939, TensorFlow
940,LangChain
940, BigQuery
940, KDB+
941,TensorFlow
941, Scikit-learn
942,MLflow
942, KDB+
942, FastAPI
943,Scikit-learn
944,TensorFlow
944, FastAPI
945,MLflow
945, BigQuery
945, PyTorch
946,FastAPI
946, TensorFlow
947,BigQuery
948,Scikit-learn
948, MLflow
949,Scikit-learn
949, BigQuery
949, LangChain
950,LangChain
951,MLflow
951, BigQuery
951, PyTorch
952,Scikit-learn
952, LangChain
953,Scikit-learn
954,TensorFlow
955,Scikit-learn
955, FastAPI
955, LangChain
956,BigQuery
956, TensorFlow
957,TensorFlow
957, Scikit-learn
957, LangChain
958,TensorFlow
958, FastAPI
959,KDB+
959, MLflow
960,KDB+
961,PyTorch
962,BigQuery
962, FastAPI
963,BigQuery
963, Scikit-learn
963, MLflow
964,KDB+
965,FastAPI
965, MLflow
966,PyTorch
966, BigQuery
966, TensorFlow
967,LangChain
967, MLflow
967, PyTorch
968,Scikit-learn
968, KDB+
968, TensorFlow
969,KDB+
970,Scikit-learn
971,BigQuery
971, PyTorch
971, Scikit-learn
972,KDB+
972, MLflow
972, FastAPI
973,FastAPI
974,LangChain
974, BigQuery
975,FastAPI
976,TensorFlow
977,TensorFlow
977, MLflow
977, BigQuery
978,LangChain
978, TensorFlow
979,BigQuery
979, KDB+
979, TensorFlow
980,MLflow
981,PyTorch
981, KDB+
982,TensorFlow
982, Scikit-learn
983,KDB+
983, BigQuery
983, PyTorch
984,PyTorch
984, LangChain
984, Scikit-learn
985,BigQuery
985, FastAPI
986,FastAPI
987,BigQuery
988,FastAPI
989,MLflow
990,TensorFlow
990, LangChain
991,BigQuery
992,LangChain
992, KDB+
992, BigQuery
993,TensorFlow
993, BigQuery
993, Scikit-learn
994,PyTorch
994, FastAPI
994, KDB+
995,Scikit-learn
995, LangChain
996,KDB+
996, MLflow
996, FastAPI
997,MLflow
997, KDB+
997, Scikit-learn
998,KDB+
998, LangChain
999,KDB+
999, FastAPI
1000,KDB+
1000, Scikit-learn
1000, LangChain
1001,TensorFlow
1001, KDB+
1001, FastAPI
1002,LangChain
1003,KDB+
1003, BigQuery
1004,BigQuery
1005,TensorFlow
1005, BigQuery
1005, MLflow
1006,FastAPI
1007,BigQuery
1008,FastAPI
1008, Scikit-learn
1009,Scikit-learn
1010,TensorFlow
1011,FastAPI
1012,PyTorch
1012, LangChain
1012, BigQuery
1013,LangChain
1013, PyTorch
1014,PyTorch
1014, Scikit-learn
1015,TensorFlow
1016,LangChain
1016, MLflow
1016, KDB+
1017,LangChain
1018,Scikit-learn
1019,TensorFlow
1019, Scikit-learn
1020,Scikit-learn
1020, BigQuery
1021,MLflow
1021, KDB+
1021, TensorFlow
1022,MLflow
1023,BigQuery
1023, LangChain
1024,Scikit-learn
1024, PyTorch
1024, MLflow
1025,Scikit-learn
1025, PyTorch
1026,TensorFlow
1026, PyTorch
1027,BigQuery
1027, LangChain
1028,TensorFlow
1029,TensorFlow
1030,Scikit-learn
1030, KDB+
1031,FastAPI
1032,Scikit-learn
1032, FastAPI
1032, PyTorch
1033,MLflow
1034,MLflow
1034, BigQuery
1035,PyTorch
1035, LangChain
1035, TensorFlow
1036,Scikit-learn
1037,LangChain
1038,KDB+
1038, LangChain
1039,KDB+
1040,TensorFlow
1041,Scikit-learn
1041, FastAPI
1042,MLflow
1042, LangChain
1042, PyTorch
1043,FastAPI
1043, PyTorch
1043, KDB+
1044,TensorFlow
1045,FastAPI
1045, BigQuery
1046,BigQuery
1047,BigQuery
1047, MLflow
1047, KDB+
1048,BigQuery
1048, PyTorch
1049,FastAPI
1050,TensorFlow
1050, Scikit-learn
1050, KDB+
1051,KDB+
1052,LangChain
1052, FastAPI
1053,FastAPI
1053, TensorFlow
1054,FastAPI
1054, TensorFlow
1055,PyTorch
1055, BigQuery
1055, TensorFlow
1056,BigQuery
1056, KDB+
1057,KDB+
1058,FastAPI
1058, Scikit-learn
1059,KDB+
1059, TensorFlow
1060,LangChain
1060, MLflow
1060, FastAPI
1061,MLflow
1061, TensorFlow
1062,LangChain
1062, PyTorch
1063,MLflow
1063, Scikit-learn
1063, FastAPI
1064,PyTorch
1064, BigQuery
1064, FastAPI
1065,PyTorch
1065, KDB+
1065, BigQuery
1066,LangChain
1067,MLflow
1067, PyTorch
1067, TensorFlow
1068,LangChain
1068, PyTorch
1068, KDB+
1069,BigQuery
1070,Scikit-learn
1071,MLflow
1071, LangChain
1072,FastAPI
1072, TensorFlow
1072, BigQuery
1073,LangChain
1074,Scikit-learn
1075,PyTorch
1076,TensorFlow
1076, BigQuery
1076, FastAPI
1077,TensorFlow
1077, PyTorch
1078,TensorFlow
1078, FastAPI
1079,PyTorch
1080,FastAPI
1081,PyTorch
1081, Scikit-learn
1081, BigQuery
1082,BigQuery
1082, MLflow
1083,MLflow
1083, LangChain
1083, BigQuery
1084,TensorFlow
1084, MLflow
1084, Scikit-learn
1085,Scikit-learn
1085, KDB+
1085, PyTorch
1086,LangChain
1086, FastAPI
1086, PyTorch
1087,LangChain
1087, PyTorch
1088,KDB+
1089,KDB+
1089, TensorFlow
1090,PyTorch
1091,TensorFlow
1091, BigQuery
1092,FastAPI
1092, BigQuery
1093,BigQuery
1093, KDB+
1094,TensorFlow
1094, MLflow
1094, PyTorch
1095,FastAPI
1096,FastAPI
1096, KDB+
1096, TensorFlow
1097,TensorFlow
1098,TensorFlow
1098, LangChain
1099,Scikit-learn
1100,TensorFlow
1100, BigQuery
1101,PyTorch
1101, FastAPI
1101, MLflow
1102,KDB+
1103,FastAPI
1103, PyTorch
1104,Scikit-learn
1105,LangChain
1106,Scikit-learn
1106, PyTorch
1106, BigQuery
1107,MLflow
1107, BigQuery
1107, PyTorch
1108,TensorFlow
1108, BigQuery
1108, MLflow
1109,LangChain
1109, TensorFlow
1109, KDB+
1110,FastAPI
1110, LangChain
1111,KDB+
1111, LangChain
1111, PyTorch
1112,LangChain
1113,Scikit-learn
1113, FastAPI
1114,Scikit-learn
1114, FastAPI
1114, TensorFlow
1115,FastAPI
1115, LangChain
1116,Scikit-learn
1116, TensorFlow
1117,LangChain
1117, MLflow
1117, TensorFlow
1118,KDB+
1118, TensorFlow
1118, FastAPI
1119,TensorFlow
1119, Scikit-learn
1120,KDB+
1120, PyTorch
1121,KDB+
1121, LangChain
1121, Scikit-learn
1122,MLflow
1122, PyTorch
1123,MLflow
1123, PyTorch
1123, BigQuery
1124,TensorFlow
1124, MLflow
1124, LangChain
1125,BigQuery
1125, KDB+
1126,PyTorch
1126, BigQuery
1127,FastAPI
1127, LangChain
1128,FastAPI
1129,FastAPI
1129, TensorFlow
1130,TensorFlow
1130, PyTorch
1131,KDB+
1132,LangChain
1132, KDB+
1133,PyTorch
1133, MLflow
1133, TensorFlow
1134,FastAPI
1135,PyTorch
1135, TensorFlow
1135, Scikit-learn
1136,PyTorch
1136, MLflow
1136, BigQuery
1137,BigQuery
1138,LangChain
1138, FastAPI
1138, KDB+
1139,FastAPI
1140,MLflow
1140, FastAPI
1141,LangChain
1141, KDB+
1142,PyTorch
1142, BigQuery
1143,FastAPI
1144,PyTorch
1145,KDB+
1145, MLflow
1146,PyTorch
1147,Scikit-learn
1147, PyTorch
1147, LangChain
1148,KDB+
1148, LangChain
1148, BigQuery
1149,KDB+
1150,FastAPI
1151,KDB+
1151, PyTorch
1151, BigQuery
1152,FastAPI
1153,LangChain
1153, KDB+
1154,TensorFlow
1154, FastAPI
1154, MLflow
1155,KDB+
1156,TensorFlow
1156, LangChain
1157,TensorFlow
1158,MLflow
1158, LangChain
1158, FastAPI
1159,FastAPI
1159, KDB+
1159, MLflow
1160,KDB+
1160, LangChain
1160, MLflow
1161,TensorFlow
1161, MLflow
1162,Scikit-learn
1162, FastAPI
1163,BigQuery
1163, Scikit-learn
1164,KDB+
1164, LangChain
1165,KDB+
1165, LangChain
1165, BigQuery
1166,Scikit-learn
1167,KDB+
1168,FastAPI
1168, MLflow
1168, Scikit-learn
1169,KDB+
1169, LangChain
1170,BigQuery
1170, TensorFlow
1170, KDB+
1171,MLflow
1172,KDB+
1172, TensorFlow
1172, Scikit-learn
1173,TensorFlow
1174,KDB+
1174, TensorFlow
1174, FastAPI
1175,MLflow
1175, LangChain
1176,BigQuery
1176, MLflow
1176, TensorFlow
1177,PyTorch
1177, BigQuery
1177, Scikit-learn
1178,Scikit-learn
1178, BigQuery
1179,PyTorch
1179, LangChain
1179, MLflow
1180,MLflow
1180, FastAPI
1180, Scikit-learn
1181,LangChain
1181, KDB+
1182,Scikit-learn
1182, LangChain
1182, BigQuery
1183,LangChain
1184,LangChain
1184, Scikit-learn
1185,MLflow
1185, PyTorch
1186,TensorFlow
1186, LangChain
1187,LangChain
1187, TensorFlow
1187, MLflow
1188,FastAPI
1188, TensorFlow
1189,FastAPI
1189, Scikit-learn
1190,TensorFlow
1190, Scikit-learn
1190, PyTorch
1191,BigQuery
1191, MLflow
1192,MLflow
1192, LangChain
1192, Scikit-learn
1193,MLflow
1194,BigQuery
1194, FastAPI
1194, PyTorch
1195,PyTorch
1196,TensorFlow
1196, BigQuery
1196, MLflow
1197,KDB+
1198,PyTorch
1198, Scikit-learn
1198, KDB+
1199,Scikit-learn
1200,FastAPI
1200, MLflow
1200, PyTorch
1201,PyTorch
1202,MLflow
1202, PyTorch
1202, BigQuery
1203,BigQuery
1204,MLflow
1204, KDB+
1204, Scikit-learn
1205,FastAPI
1206,MLflow
1206, LangChain
1207,FastAPI
1207, MLflow
1207, BigQuery
1208,LangChain
1208, FastAPI
1209,FastAPI
1209, MLflow
1209, LangChain
1210,FastAPI
1210, TensorFlow
1210, MLflow
1211,Scikit-learn
1211, MLflow
1211, FastAPI
1212,MLflow
1212, BigQuery
1212, FastAPI
1213,KDB+
1213, BigQuery
1214,MLflow
1214, TensorFlow
1214, FastAPI
1215,LangChain
1216,FastAPI
1216, LangChain
1217,FastAPI
1217, PyTorch
1218,KDB+
1218, LangChain
1219,LangChain
1219, BigQuery
1219, Scikit-learn
1220,TensorFlow
1221,BigQuery
1221, KDB+
1222,LangChain
1222, Scikit-learn
1223,MLflow
1223, Scikit-learn
1223, FastAPI
1224,PyTorch
1224, Scikit-learn
1225,LangChain
1225, MLflow
1226,BigQuery
1227,LangChain
1227, BigQuery
1227, MLflow
1228,TensorFlow
1228, LangChain
1229,BigQuery
1229, MLflow
1229, FastAPI
1230,Scikit-learn
1230, LangChain
1231,Scikit-learn
1232,FastAPI
1232, Scikit-learn
1233,PyTorch
1233, FastAPI
1234,KDB+
1235,Scikit-learn
1235, LangChain
1236,MLflow
1236, KDB+
1236, LangChain
1237,BigQuery
1237, KDB+
1238,LangChain
1238, BigQuery
1238, FastAPI
1239,PyTorch
1239, LangChain
1240,PyTorch
1241,PyTorch
1241, MLflow
1242,Scikit-learn
1243,LangChain
1244,Scikit-learn
1244, MLflow
1244, KDB+
1245,PyTorch
1245, KDB+
1246,FastAPI
1246, KDB+
1247,Scikit-learn
1247, PyTorch
1248,FastAPI
1249,BigQuery
1250,TensorFlow
1250, FastAPI
1250, BigQuery
1251,MLflow
1251, LangChain
1252,FastAPI
1252, KDB+
1253,Scikit-learn
1253, KDB+
1253, LangChain
1254,Scikit-learn
1255,MLflow
1256,MLflow
1257,MLflow
1258,BigQuery
1259,KDB+
1260,PyTorch
1261,MLflow
1262,PyTorch
1262, TensorFlow
1263,FastAPI
1264,FastAPI
1265,PyTorch
1265, Scikit-learn
1265, KDB+
1266,LangChain
1266, PyTorch
1267,PyTorch
1268,BigQuery
1268, TensorFlow
1268, MLflow
1269,Scikit-learn
1269, LangChain
1270,PyTorch
1270, LangChain
1270, BigQuery
1271,PyTorch
1271, BigQuery
1272,LangChain
1273,MLflow
1274,KDB+
1274, MLflow
1275,PyTorch
1275, FastAPI
1275, Scikit-learn
1276,FastAPI
1276, TensorFlow
1277,Scikit-learn
1277, LangChain
1277, FastAPI
1278,FastAPI
1278, TensorFlow
1279,FastAPI
1279, MLflow
1280,Scikit-learn
1281,FastAPI
1281, PyTorch
1282,Scikit-learn
1283,BigQuery
1283, PyTorch
1284,Scikit-learn
1285,FastAPI
1286,KDB+
1287,BigQuery
1287, TensorFlow
1288,LangChain
1289,TensorFlow
1290,TensorFlow
1291,BigQuery
1292,Scikit-learn
1292, TensorFlow
1293,KDB+
1293, PyTorch
1293, FastAPI
1294,Scikit-learn
1295,MLflow
1295, PyTorch
1296,KDB+
1297,MLflow
1297, KDB+
1298,MLflow
1298, KDB+
1299,MLflow
1300,TensorFlow
1300, Scikit-learn
1301,MLflow
1302,MLflow
1302, BigQuery
1302, FastAPI
1303,FastAPI
1303, LangChain
1303, MLflow
1304,MLflow
1304, LangChain
1304, TensorFlow
1305,KDB+
1305, MLflow
1306,LangChain
1307,LangChain
1308,Scikit-learn
1309,LangChain
1309, MLflow
1309, Scikit-learn
1310,TensorFlow
1310, FastAPI
1310, KDB+
1311,LangChain
1311, BigQuery
1312,TensorFlow
1312, LangChain
1313,PyTorch
1313, TensorFlow
1314,KDB+
1315,FastAPI
1316,PyTorch
1317,MLflow
1317, TensorFlow
1317, PyTorch
1318,MLflow
1318, TensorFlow
1318, FastAPI
1319,PyTorch
1320,PyTorch
1321,PyTorch
1322,LangChain
1323,LangChain
1323, TensorFlow
1324,Scikit-learn
1325,KDB+
1326,Scikit-learn
1326, TensorFlow
1327,MLflow
1327, LangChain
1327, BigQuery
1328,KDB+
1329,PyTorch
1329, Scikit-learn
1329, KDB+
1330,PyTorch
1330, Scikit-learn
1331,LangChain
1331, TensorFlow
1332,KDB+
1333,TensorFlow
1334,PyTorch
1334, FastAPI
1334, Scikit-learn
1335,LangChain
1335, FastAPI
1335, MLflow
1336,FastAPI
1336, PyTorch
1337,TensorFlow
1337, Scikit-learn
1338,BigQuery
1339,FastAPI
1339, MLflow
1339, BigQuery
1340,FastAPI
1340, BigQuery
1341,TensorFlow
1341, MLflow
1342,PyTorch
1342, BigQuery
1343,BigQuery
1343, TensorFlow
1344,BigQuery
1344, FastAPI
1345,KDB+
1345, Scikit-learn
1346,PyTorch
1346, FastAPI
1347,MLflow
1348,LangChain
1348, BigQuery
1348, MLflow
1349,TensorFlow
1349, MLflow
1350,TensorFlow
1351,LangChain
1352,PyTorch
1352, Scikit-learn
1352, TensorFlow
1353,MLflow
1354,MLflow
1355,KDB+
1356,PyTorch
1357,LangChain
1357, TensorFlow
1358,LangChain
1358, Scikit-learn
1358, MLflow
1359,MLflow
1359, TensorFlow
1359, Scikit-learn
1360,KDB+
1361,MLflow
1361, LangChain
1361, FastAPI
1362,TensorFlow
1362, KDB+
1363,MLflow
1363, LangChain
1364,Scikit-learn
1365,TensorFlow
1366,MLflow
1366, FastAPI
1366, BigQuery
1367,FastAPI
1367, PyTorch
1368,PyTorch
1368, FastAPI
1368, LangChain
1369,LangChain
1369, Scikit-learn
1369, PyTorch
1370,KDB+
1370, Scikit-learn
1371,MLflow
1371, TensorFlow
1372,MLflow
1372, TensorFlow
1373,Scikit-learn
1374,LangChain
1375,PyTorch
1375, MLflow
1375, KDB+
1376,FastAPI
1376, Scikit-learn
1377,PyTorch
1377, BigQuery
1378,LangChain
1378, BigQuery
1379,PyTorch
1380,Scikit-learn
1381,TensorFlow
1381, PyTorch
1382,FastAPI
1382, BigQuery
1382, TensorFlow
1383,Scikit-learn
1383, BigQuery
1384,TensorFlow
1385,PyTorch
1385, MLflow
1385, Scikit-learn
1386,BigQuery
1386, LangChain
1386, Scikit-learn
1387,FastAPI
1388,LangChain
1388, KDB+
1388, PyTorch
1389,LangChain
1390,MLflow
1390, PyTorch
1390, LangChain
1391,KDB+
1392,LangChain
1392, FastAPI
1393,TensorFlow
1394,TensorFlow
1394, LangChain
1394, MLflow
1395,BigQuery
1395, LangChain
1396,BigQuery
1397,FastAPI
1397, KDB+
1398,TensorFlow
1398, BigQuery
1398, FastAPI
1399,PyTorch
1400,BigQuery
1400, TensorFlow
1401,TensorFlow
1401, MLflow
1401, PyTorch
1402,Scikit-learn
1403,MLflow
1403, BigQuery
1403, LangChain
1404,Scikit-learn
1404, MLflow
1405,MLflow
1405, FastAPI
1405, LangChain
1406,LangChain
1406, TensorFlow
1406, Scikit-learn
1407,Scikit-learn
1407, KDB+
1408,FastAPI
1408, LangChain
1409,BigQuery
1410,Scikit-learn
1410, TensorFlow
1410, PyTorch
1411,KDB+
1411, PyTorch
1411, BigQuery
1412,Scikit-learn
1412, KDB+
1413,Scikit-learn
1414,KDB+
1414, LangChain
1414, BigQuery
1415,FastAPI
1416,Scikit-learn
1416, BigQuery
1417,KDB+
1417, BigQuery
1417, FastAPI
1418,LangChain
1418, KDB+
1418, MLflow
1419,KDB+
1420,BigQuery
1420, KDB+
1421,TensorFlow
1421, KDB+
1422,PyTorch
1422, LangChain
1422, BigQuery
1423,LangChain
1424,Scikit-learn
1424, BigQuery
1425,Scikit-learn
1426,LangChain
1426, FastAPI
1427,BigQuery
1427, KDB+
1428,TensorFlow
1428, KDB+
1429,LangChain
1429, FastAPI
1430,TensorFlow
1430, FastAPI
1431,BigQuery
1431, LangChain
1432,TensorFlow
1432, MLflow
1432, BigQuery
1433,LangChain
1433, FastAPI
1434,BigQuery
1434, TensorFlow
1435,LangChain
1436,MLflow
1437,LangChain
1437, TensorFlow
1437, KDB+
1438,FastAPI
1438, KDB+
1438, TensorFlow
1439,Scikit-learn
1440,TensorFlow
1441,TensorFlow
1442,BigQuery
1442, FastAPI
1443,BigQuery
1444,BigQuery
1444, PyTorch
1445,FastAPI
1446,Scikit-learn
1446, KDB+
1447,LangChain
1448,BigQuery
1448, LangChain
1448, Scikit-learn
1449,LangChain
1449, TensorFlow
1450,Scikit-learn
1450, BigQuery
1451,TensorFlow
1452,PyTorch
1453,TensorFlow
1453, LangChain
1454,Scikit-learn
1454, MLflow
1455,PyTorch
1455, TensorFlow
1455, MLflow
1456,KDB+
1456, FastAPI
1456, PyTorch
1457,FastAPI
1457, PyTorch
1458,FastAPI
1458, KDB+
1458, PyTorch
1459,BigQuery
1459, PyTorch
1460,MLflow
1461,PyTorch
1461, KDB+
1461, TensorFlow
1462,BigQuery
1463,KDB+
1463, Scikit-learn
1463, MLflow
1464,FastAPI
1464, KDB+
1465,LangChain
1465, MLflow
1466,TensorFlow
1467,FastAPI
1467, BigQuery
1468,LangChain
1468, TensorFlow
1468, BigQuery
1469,Scikit-learn
1469, MLflow
1470,LangChain
1470, MLflow
1471,Scikit-learn
1471, MLflow
1471, LangChain
1472,TensorFlow
1473,FastAPI
1474,PyTorch
1475,TensorFlow
1475, PyTorch
1476,FastAPI
1476, Scikit-learn
1477,FastAPI
1477, BigQuery
1477, PyTorch
1478,PyTorch
1479,FastAPI
1480,TensorFlow
1480, FastAPI
1480, BigQuery
1481,KDB+
1482,BigQuery
1482, TensorFlow
1483,BigQuery
1483, MLflow
1484,FastAPI
1485,KDB+
1485, Scikit-learn
1485, PyTorch
1486,TensorFlow
1487,LangChain
1487, MLflow
1487, TensorFlow
1488,MLflow
1488, Scikit-learn
1489,PyTorch
1489, LangChain
1490,MLflow
1490, LangChain
1490, FastAPI
1491,FastAPI
1491, MLflow
1491, LangChain
1492,BigQuery
1493,LangChain
1493, TensorFlow
1494,TensorFlow
1495,FastAPI
1495, TensorFlow
1495, BigQuery
1496,FastAPI
1496, PyTorch
1496, KDB+
1497,TensorFlow
1498,FastAPI
1499,TensorFlow
1499, KDB+
1500,Scikit-learn
1501,TensorFlow
1502,Scikit-learn
1502, BigQuery
1502, KDB+
1503,KDB+
1504,PyTorch
1504, MLflow
1505,TensorFlow
1506,LangChain
1506, TensorFlow
1506, FastAPI
1507,PyTorch
1508,TensorFlow
1508, KDB+
1509,Scikit-learn
1510,TensorFlow
1510, PyTorch
1510, MLflow
1511,PyTorch
1512,BigQuery
1513,TensorFlow
1514,Scikit-learn
1515,BigQuery
1515, MLflow
1515, KDB+
1516,PyTorch
1516, MLflow
1516, Scikit-learn
1517,PyTorch
1517, FastAPI
1517, TensorFlow
1518,KDB+
1518, MLflow
1518, Scikit-learn
1519,FastAPI
1519, TensorFlow
1519, MLflow
1520,FastAPI
1520, TensorFlow
1521,TensorFlow
1521, LangChain
1521, BigQuery
1522,BigQuery
1523,Scikit-learn
1523, MLflow
1524,KDB+
1525,Scikit-learn
1525, MLflow
1526,FastAPI
1526, KDB+
1526, BigQuery
1527,FastAPI
1527, KDB+
1528,TensorFlow
1529,KDB+
1529, LangChain
1530,KDB+
1530, FastAPI
1530, MLflow
1531,BigQuery
1531, MLflow
1531, KDB+
1532,LangChain
1532, FastAPI
1533,FastAPI
1533, MLflow
1533, PyTorch
1534,TensorFlow
1534, PyTorch
1535,LangChain
1536,MLflow
1537,Scikit-learn
1538,LangChain
1538, PyTorch
1538, KDB+
1539,TensorFlow
1539, BigQuery
1539, Scikit-learn
1540,BigQuery
1541,MLflow
1541, KDB+
1542,Scikit-learn
1542, FastAPI
1542, BigQuery
1543,FastAPI
1543, Scikit-learn
1544,KDB+
1545,TensorFlow
1546,LangChain
1547,TensorFlow
1547, Scikit-learn
1548,BigQuery
1548, TensorFlow
1549,Scikit-learn
1549, KDB+
1550,Scikit-learn
1550, KDB+
1550, PyTorch
1551,MLflow
1551, LangChain
1552,KDB+
1552, MLflow
1553,BigQuery
1553, KDB+
1553, MLflow
1554,BigQuery
1554, TensorFlow
1554, PyTorch
1555,MLflow
1555, FastAPI
1556,KDB+
1557,Scikit-learn
1557, TensorFlow
1558,Scikit-learn
1558, BigQuery
1558, LangChain
1559,PyTorch
1560,MLflow
1560, PyTorch
1561,TensorFlow
1562,BigQuery
1562, MLflow
1562, PyTorch
1563,PyTorch
1563, Scikit-learn
1564,TensorFlow
1564, KDB+
1565,BigQuery
1565, FastAPI
1565, Scikit-learn
1566,FastAPI
1567,FastAPI
1567, Scikit-learn
1567, KDB+
1568,FastAPI
1568, PyTorch
1569,MLflow
1570,KDB+
1571,KDB+
1572,MLflow
1573,FastAPI
1574,BigQuery
1574, KDB+
1575,Scikit-learn
1576,LangChain
1577,Scikit-learn
1577, FastAPI
1578,MLflow
1578, TensorFlow
1578, PyTorch
1579,LangChain
1579, Scikit-learn
1580,MLflow
1580, Scikit-learn
1580, BigQuery
1581,FastAPI
1582,MLflow
1583,BigQuery
1583, PyTorch
1583, MLflow
1584,MLflow
1585,KDB+
1585, PyTorch
1585, FastAPI
1586,Scikit-learn
1587,FastAPI
1587, MLflow
1587, KDB+
1588,Scikit-learn
1588, LangChain
1589,Scikit-learn
1589, MLflow
1589, PyTorch
1590,MLflow
1591,MLflow
1591, KDB+
1591, FastAPI
1592,LangChain
1592, BigQuery
1593,BigQuery
1593, PyTorch
1593, FastAPI
1594,TensorFlow
1594, Scikit-learn
1594, BigQuery
1595,LangChain
1595, Scikit-learn
1596,Scikit-learn
1597,BigQuery
1597, LangChain
1597, KDB+
1598,TensorFlow
1598, KDB+
1598, FastAPI
1599,BigQuery
1600,MLflow
1601,TensorFlow
1602,PyTorch
1602, FastAPI
1602, TensorFlow
1603,KDB+
1603, BigQuery
1604,TensorFlow
1605,MLflow
1605, PyTorch
1605, FastAPI
1606,KDB+
1606, BigQuery
1607,KDB+
1608,FastAPI
1608, LangChain
1608, TensorFlow
1609,Scikit-learn
1610,MLflow
1611,LangChain
1611, KDB+
1611, FastAPI
1612,KDB+
1613,MLflow
1613, KDB+
1613, PyTorch
1614,BigQuery
1615,MLflow
1615, TensorFlow
1616,FastAPI
1616, TensorFlow
1617,MLflow
1617, PyTorch
1617, Scikit-learn
1618,FastAPI
1618, LangChain
1619,LangChain
1620,KDB+
1620, LangChain
1620, BigQuery
1621,MLflow
1621, BigQuery
1622,BigQuery
1622, FastAPI
1622, MLflow
1623,LangChain
1623, KDB+
1624,TensorFlow
1624, FastAPI
1624, PyTorch
1625,KDB+
1625, FastAPI
1625, MLflow
1626,FastAPI
1626, LangChain
1627,KDB+
1628,TensorFlow
1628, FastAPI
1629,LangChain
1630,MLflow
1630, Scikit-learn
1630, FastAPI
1631,BigQuery
1632,MLflow
1632, TensorFlow
1632, KDB+
1633,BigQuery
1633, MLflow
1633, TensorFlow
1634,KDB+
1634, TensorFlow
1634, LangChain
1635,FastAPI
1635, MLflow
1635, PyTorch
1636,BigQuery
1636, FastAPI
1636, MLflow
1637,FastAPI
1638,MLflow
1638, BigQuery
1639,KDB+
1639, FastAPI
1640,Scikit-learn
1640, PyTorch
1641,KDB+
1642,TensorFlow
1643,MLflow
1643, TensorFlow
1643, KDB+
1644,BigQuery
1645,KDB+
1645, BigQuery
1646,LangChain
1646, KDB+
1647,FastAPI
1648,PyTorch
1648, Scikit-learn
1649,TensorFlow
1650,MLflow
1650, PyTorch
1651,TensorFlow
1651, KDB+
1651, PyTorch
1652,LangChain
1653,LangChain
1654,KDB+
1654, BigQuery
1654, Scikit-learn
1655,PyTorch
1655, MLflow
1655, TensorFlow
1656,KDB+
1656, MLflow
1656, BigQuery
1657,FastAPI
1658,BigQuery
1658, FastAPI
1659,LangChain
1659, KDB+
1660,KDB+
1660, BigQuery
1661,KDB+
1662,FastAPI
1662, Scikit-learn
1662, LangChain
1663,PyTorch
1663, FastAPI
1664,KDB+
1664, LangChain
1665,FastAPI
1665, KDB+
1665, LangChain
1666,TensorFlow
1666, PyTorch
1666, Scikit-learn
1667,KDB+
1668,LangChain
1669,PyTorch
1669, Scikit-learn
1669, LangChain
1670,KDB+
1670, TensorFlow
1671,FastAPI
1671, TensorFlow
1672,PyTorch
1673,PyTorch
1674,PyTorch
1674, TensorFlow
1675,KDB+
1675, FastAPI
1676,MLflow
1677,Scikit-learn
1678,KDB+
1678, BigQuery
1679,KDB+
1680,PyTorch
1681,LangChain
1681, KDB+
1682,KDB+
1682, TensorFlow
1682, LangChain
1683,KDB+
1683, LangChain
1684,TensorFlow
1684, LangChain
1685,PyTorch
1685, FastAPI
1686,BigQuery
1687,MLflow
1688,TensorFlow
1689,TensorFlow
1689, KDB+
1690,MLflow
1690, LangChain
1691,LangChain
1691, FastAPI
1692,FastAPI
1693,PyTorch
1694,PyTorch
1695,KDB+
1696,BigQuery
1696, Scikit-learn
1697,KDB+
1698,MLflow
1698, TensorFlow
1699,PyTorch
1700,LangChain
1701,BigQuery
1701, LangChain
1701, MLflow
1702,Scikit-learn
1702, MLflow
1702, LangChain
1703,Scikit-learn
1704,FastAPI
1704, Scikit-learn
1705,PyTorch
1706,Scikit-learn
1706, BigQuery
1707,FastAPI
1707, Scikit-learn
1707, MLflow
1708,KDB+
1709,Scikit-learn
1709, BigQuery
1709, MLflow
1710,MLflow
1710, TensorFlow
1711,Scikit-learn
1711, TensorFlow
1712,Scikit-learn
1713,LangChain
1713, PyTorch
1714,TensorFlow
1714, BigQuery
1715,Scikit-learn
1715, TensorFlow
1715, KDB+
1716,MLflow
1717,BigQuery
1718,MLflow
1719,MLflow
1719, PyTorch
1720,PyTorch
1720, KDB+
1720, LangChain
1721,FastAPI
1721, LangChain
1721, MLflow
1722,TensorFlow
1723,BigQuery
1723, LangChain
1724,LangChain
1724, KDB+
1724, BigQuery
1725,Scikit-learn
1725, FastAPI
1726,KDB+
1727,BigQuery
1728,MLflow
1729,KDB+
1730,LangChain
1730, TensorFlow
1730, MLflow
1731,BigQuery
1731, PyTorch
1732,MLflow
1732, KDB+
1733,TensorFlow
1733, KDB+
1733, FastAPI
1734,FastAPI
1734, PyTorch
1734, TensorFlow
1735,BigQuery
1735, FastAPI
1735, PyTorch
1736,KDB+
1736, FastAPI
1736, MLflow
1737,FastAPI
1737, LangChain
1738,KDB+
1738, LangChain
1739,LangChain
1739, FastAPI
1739, TensorFlow
1740,Scikit-learn
1740, BigQuery
1740, KDB+
1741,KDB+
1741, FastAPI
1741, PyTorch
1742,BigQuery
1742, MLflow
1743,KDB+
1744,TensorFlow
1744, FastAPI
1744, KDB+
1745,BigQuery
1745, TensorFlow
1746,BigQuery
1747,Scikit-learn
1747, LangChain
1748,TensorFlow
1749,FastAPI
1749, TensorFlow
1750,Scikit-learn
1750, BigQuery
1751,Scikit-learn
1751, MLflow
1752,KDB+
1753,Scikit-learn
1754,PyTorch
1755,KDB+
1756,PyTorch
1756, MLflow
1757,Scikit-learn
1757, TensorFlow
1758,PyTorch
1759,TensorFlow
1759, MLflow
1760,MLflow
1760, TensorFlow
1760, BigQuery
1761,BigQuery
1761, KDB+
1761, PyTorch
1762,Scikit-learn
1762, PyTorch
1763,LangChain
1764,MLflow
1764, KDB+
1765,PyTorch
1766,FastAPI
1766, TensorFlow
1766, KDB+
1767,Scikit-learn
1767, BigQuery
1767, FastAPI
1768,BigQuery
1768, Scikit-learn
1768, PyTorch
1769,LangChain
1769, BigQuery
1769, KDB+
1770,Scikit-learn
1770, LangChain
1771,BigQuery
1771, MLflow
1771, LangChain
1772,TensorFlow
1772, FastAPI
1772, PyTorch
1773,BigQuery
1773, TensorFlow
1773, FastAPI
1774,MLflow
1774, LangChain
1774, PyTorch
1775,BigQuery
1775, TensorFlow
1775, PyTorch
1776,KDB+
1777,Scikit-learn
1777, PyTorch
1778,LangChain
1778, FastAPI
1779,FastAPI
1779, Scikit-learn
1780,MLflow
1780, Scikit-learn
1781,Scikit-learn
1781, LangChain
1781, MLflow
1782,MLflow
1782, TensorFlow
1783,PyTorch
1784,FastAPI
1785,MLflow
1786,BigQuery
1786, MLflow
1786, TensorFlow
1787,BigQuery
1787, MLflow
1787, FastAPI
1788,Scikit-learn
1788, TensorFlow
1789,Scikit-learn
1789, LangChain
1790,BigQuery
1790, LangChain
1791,MLflow
1792,LangChain
1792, KDB+
1792, Scikit-learn
1793,Scikit-learn
1794,LangChain
1794, MLflow
1795,Scikit-learn
1795, FastAPI
1796,PyTorch
1796, Scikit-learn
1797,PyTorch
1797, FastAPI
1798,MLflow
1798, Scikit-learn
1798, KDB+
1799,BigQuery
1799, KDB+
1799, MLflow
1800,PyTorch
1800, Scikit-learn
1801,TensorFlow
1801, MLflow
1802,PyTorch
1802, MLflow
1803,BigQuery
1803, MLflow
1803, Scikit-learn
1804,LangChain
1805,PyTorch
1806,FastAPI
1806, KDB+
1806, MLflow
1807,BigQuery
1808,PyTorch
1809,MLflow
1810,MLflow
1811,LangChain
1812,MLflow
1812, LangChain
1813,TensorFlow
1814,MLflow
1815,KDB+
1815, LangChain
1815, MLflow
1816,FastAPI
1816, KDB+
1817,MLflow
1817, KDB+
1817, PyTorch
1818,PyTorch
1818, LangChain
1818, TensorFlow
1819,FastAPI
1819, KDB+
1819, Scikit-learn
1820,LangChain
1820, BigQuery
1820, TensorFlow
1821,FastAPI
1821, LangChain
1821, MLflow
1822,KDB+
1822, FastAPI
1823,KDB+
1823, TensorFlow
1823, LangChain
1824,LangChain
1825,KDB+
1826,MLflow
1826, LangChain
1826, KDB+
1827,MLflow
1828,Scikit-learn
1828, FastAPI
1829,PyTorch
1830,KDB+
1831,KDB+
1832,Scikit-learn
1832, KDB+
1832, FastAPI
1833,FastAPI
1834,TensorFlow
1834, LangChain
1835,BigQuery
1835, PyTorch
1836,KDB+
1837,Scikit-learn
1837, BigQuery
1837, PyTorch
1838,TensorFlow
1839,FastAPI
1839, PyTorch
1840,KDB+
1840, LangChain
1840, TensorFlow
1841,MLflow
1842,LangChain
1842, Scikit-learn
1843,LangChain
1843, FastAPI
1843, Scikit-learn
1844,BigQuery
1845,KDB+
1845, LangChain
1846,BigQuery
1846, TensorFlow
1846, LangChain
1847,BigQuery
1847, TensorFlow
1848,MLflow
1848, PyTorch
1849,LangChain
1849, TensorFlow
1849, PyTorch
1850,KDB+
1850, FastAPI
1851,LangChain
1851, BigQuery
1851, MLflow
1852,TensorFlow
1852, KDB+
1853,TensorFlow
1854,LangChain
1854, Scikit-learn
1854, BigQuery
1855,BigQuery
1856,LangChain
1856, MLflow
1857,KDB+
1858,LangChain
1859,Scikit-learn
1859, MLflow
1860,MLflow
1860, FastAPI
1861,FastAPI
1861, BigQuery
1861, PyTorch
1862,PyTorch
1862, BigQuery
1863,KDB+
1863, MLflow
1864,TensorFlow
1864, LangChain
1865,MLflow
1865, TensorFlow
1865, PyTorch
1866,KDB+
1866, FastAPI
1867,Scikit-learn
1867, BigQuery
1867, PyTorch
1868,MLflow
1869,PyTorch
1869, KDB+
1870,Scikit-learn
1870, BigQuery
1871,TensorFlow
1871, PyTorch
1872,LangChain
1872, BigQuery
1873,KDB+
1874,Scikit-learn
1874, KDB+
1874, FastAPI
1875,TensorFlow
1876,MLflow
1876, BigQuery
1877,LangChain
1877, MLflow
1878,Scikit-learn
1879,TensorFlow
1879, Scikit-learn
1879, MLflow
1880,FastAPI
1880, MLflow
1881,Scikit-learn
1881, BigQuery
1882,TensorFlow
1883,LangChain
1884,FastAPI
1884, BigQuery
1884, PyTorch
1885,MLflow
1885, PyTorch
1885, TensorFlow
1886,TensorFlow
1886, FastAPI
1887,BigQuery
1888,FastAPI
1888, MLflow
1888, TensorFlow
1889,BigQuery
1889, TensorFlow
1889, PyTorch
1890,LangChain
1890, PyTorch
1890, MLflow
1891,PyTorch
1892,BigQuery
1892, Scikit-learn
1893,LangChain
1894,KDB+
1895,PyTorch
1895, TensorFlow
1896,PyTorch
1896, FastAPI
1897,PyTorch
1898,PyTorch
1899,MLflow
1899, KDB+
1899, PyTorch
1900,PyTorch
1900, MLflow
1901,MLflow
1901, KDB+
1901, PyTorch
1902,PyTorch
1902, KDB+
1903,PyTorch
1903, TensorFlow
1903, Scikit-learn
1904,FastAPI
1904, MLflow
1904, PyTorch
1905,KDB+
1905, PyTorch
1905, TensorFlow
1906,LangChain
1907,LangChain
1907, PyTorch
1908,MLflow
1909,FastAPI
1910,FastAPI
1911,Scikit-learn
1911, BigQuery
1912,KDB+
1912, BigQuery
1913,PyTorch
1913, BigQuery
1913, Scikit-learn
1914,MLflow
1914, BigQuery
1914, FastAPI
1915,KDB+
1915, PyTorch
1915, Scikit-learn
1916,LangChain
1917,MLflow
1917, PyTorch
1917, TensorFlow
1918,BigQuery
1919,TensorFlow
1919, BigQuery
1920,LangChain
1920, PyTorch
1921,PyTorch
1921, LangChain
1922,KDB+
1922, FastAPI
1923,LangChain
1923, TensorFlow
1924,FastAPI
1924, BigQuery
1925,BigQuery
1925, KDB+
1926,MLflow
1927,LangChain
1928,BigQuery
1928, MLflow
1929,MLflow
1929, KDB+
1930,KDB+
1930, FastAPI
1930, BigQuery
1931,LangChain
1931, KDB+
1931, Scikit-learn
1932,MLflow
1932, Scikit-learn
1933,KDB+
1933, Scikit-learn
1933, FastAPI
1934,PyTorch
1934, KDB+
1935,MLflow
1935, KDB+
1935, Scikit-learn
1936,PyTorch
1937,Scikit-learn
1938,FastAPI
1938, MLflow
1938, Scikit-learn
1939,LangChain
1940,PyTorch
1941,PyTorch
1942,PyTorch
1942, TensorFlow
1942, MLflow
1943,MLflow
1943, TensorFlow
1944,MLflow
1944, Scikit-learn
1944, FastAPI
1945,TensorFlow
1946,FastAPI
1947,KDB+
1948,TensorFlow
1949,LangChain
1950,Scikit-learn
1951,TensorFlow
1951, BigQuery
1952,KDB+
1952, PyTorch
1952, Scikit-learn
1953,BigQuery
1953, PyTorch
1954,FastAPI
1954, Scikit-learn
1954, TensorFlow
1955,FastAPI
1955, LangChain
1956,MLflow
1956, KDB+
1956, LangChain
1957,FastAPI
1957, TensorFlow
1957, LangChain
1958,FastAPI
1958, BigQuery
1958, TensorFlow
1959,LangChain
1960,Scikit-learn
1960, TensorFlow
1960, FastAPI
1961,KDB+
1961, FastAPI
1961, TensorFlow
1962,BigQuery
1963,BigQuery
1964,TensorFlow
1964, FastAPI
1964, BigQuery
1965,Scikit-learn
1965, FastAPI
1965, PyTorch
1966,KDB+
1966, BigQuery
1966, LangChain
1967,LangChain
1968,MLflow
1968, TensorFlow
1969,KDB+
1969, Scikit-learn
1970,MLflow
1970, LangChain
1970, Scikit-learn
1971,FastAPI
1972,BigQuery
1972, FastAPI
1973,BigQuery
1973, FastAPI
1973, LangChain
1974,KDB+
1974, MLflow
1974, PyTorch
1975,FastAPI
1975, LangChain
1976,LangChain
1976, PyTorch
1977,FastAPI
1977, BigQuery
1977, Scikit-learn
1978,TensorFlow
1979,TensorFlow
1979, Scikit-learn
1980,MLflow
1980, LangChain
1981,Scikit-learn
1981, FastAPI
1981, LangChain
1982,Scikit-learn
1982, LangChain
1983,FastAPI
1984,BigQuery
1984, MLflow
1984, FastAPI
1985,KDB+
1985, FastAPI
1985, PyTorch
1986,MLflow
1987,BigQuery
1987, MLflow
1988,BigQuery
1988, TensorFlow
1988, LangChain
1989,KDB+
1989, TensorFlow
1990,KDB+
1990, BigQuery
1991,FastAPI
1991, PyTorch
1992,MLflow
1992, FastAPI
1993,MLflow
1993, PyTorch
1994,LangChain
1995,MLflow
1995, LangChain
1996,MLflow
1997,KDB+
1997, LangChain
1997, MLflow
1998,PyTorch
1999,MLflow
1999, TensorFlow
1999, FastAPI
2000,MLflow
